MERCHANT,ACCT_STATUS_K_USD,CONTRACT_DURATION_MONTH,HISTORY,CREDIT_PROGRAM,AMOUNT_K_USD,ACCOUNT_TYPE,ACCT_AGE,STATE,PRESENT_RESIDENT,ESTABLISHED_MONTH,NUMBER_CREDITS,IS_DEFAULT
893,0 USD,12,CRITICAL ACCOUNT,NEW CAR,2171,up to 100 K USD,1 to 4 YRS,NY,4,38,2,0
894,0 to 200 USD,36,CRITICAL ACCOUNT,USED CAR,5800,up to 100 K USD,1 to 4 YRS,CT,4,34,2,0
895,NONE,18,CRITICAL ACCOUNT,ELECTRONICS,1169,UNKNOWN/NONE,1 to 4 YRS,NY,above 4 YRS,29,2,0
896,NONE,36,DELAY IN PAST,USED CAR,8947,UNKNOWN/NONE,4 to 7 YRS,CT,2 to 3 YRS,31,1,0
897,0 USD,21,EXISTING CREDITS PAID BACK,ELECTRONICS,2606,up to 100 K USD,up to 1 YR,NY,4,28,1,0
898,NONE,12,CRITICAL ACCOUNT,FURNITURE,1592,above 1000 K USD,4 to 7 YRS,CT,2 to 3 YRS,35,1,0
899,NONE,15,EXISTING CREDITS PAID BACK,FURNITURE,2186,UNKNOWN/NONE,4 to 7 YRS,PA,4,33,1,0
900,0 USD,18,EXISTING CREDITS PAID BACK,FURNITURE,4153,up to 100 K USD,1 to 4 YRS,NJ,above 4 YRS,42,1,1
901,0 USD,16,CRITICAL ACCOUNT,NEW CAR,2625,up to 100 K USD,above 7 YRS,NJ,4,43,1,1
902,NONE,20,CRITICAL ACCOUNT,NEW CAR,3485,UNKNOWN/NONE,up to 1 YR,NJ,4,44,2,0
903,NONE,36,CRITICAL ACCOUNT,USED CAR,10477,UNKNOWN/NONE,above 7 YRS,NJ,4,42,2,0
904,NONE,15,EXISTING CREDITS PAID BACK,ELECTRONICS,1386,UNKNOWN/NONE,1 to 4 YRS,NY,2 to 3 YRS,40,1,0
905,NONE,24,EXISTING CREDITS PAID BACK,ELECTRONICS,1278,up to 100 K USD,above 7 YRS,NY,1 to 2 YRS,36,1,0
906,0 USD,12,EXISTING CREDITS PAID BACK,ELECTRONICS,1107,up to 100 K USD,1 to 4 YRS,NJ,2 to 3 YRS,20,1,0
907,0 USD,21,EXISTING CREDITS PAID BACK,NEW CAR,3763,UNKNOWN/NONE,4 to 7 YRS,NJ,2 to 3 YRS,24,1,0
908,0 to 200 USD,36,EXISTING CREDITS PAID BACK,EDUCATION,3711,UNKNOWN/NONE,1 to 4 YRS,NJ,2 to 3 YRS,27,1,0
909,NONE,15,DELAY IN PAST,USED CAR,3594,up to 100 K USD,up to 1 YR,PA,2 to 3 YRS,46,2,0
910,0 to 200 USD,9,EXISTING CREDITS PAID BACK,NEW CAR,3195,UNKNOWN/NONE,1 to 4 YRS,PA,2 to 3 YRS,33,1,0
911,NONE,36,DELAY IN PAST,ELECTRONICS,4454,up to 100 K USD,1 to 4 YRS,NY,4,34,2,0
912,0 to 200 USD,24,CRITICAL ACCOUNT,FURNITURE,4736,up to 100 K USD,up to 1 YR,NJ,4,25,1,1
913,0 to 200 USD,30,EXISTING CREDITS PAID BACK,ELECTRONICS,2991,UNKNOWN/NONE,above 7 YRS,NJ,4,25,1,0
914,NONE,11,EXISTING CREDITS PAID BACK,RETRAINING,2142,above 1000 K USD,above 7 YRS,PA,2 to 3 YRS,28,1,0
915,0 USD,24,ALL CREDITS PAID BACK,RETRAINING,3161,up to 100 K USD,1 to 4 YRS,NY,2 to 3 YRS,31,1,1
916,0 to 200 USD,48,NONE TAKEN,OTHER,18424,up to 100 K USD,1 to 4 YRS,PA,2 to 3 YRS,32,1,1
917,NONE,10,EXISTING CREDITS PAID BACK,USED CAR,2848,100 to 500 K USD,1 to 4 YRS,PA,2 to 3 YRS,32,1,0
918,0 USD,6,EXISTING CREDITS PAID BACK,NEW CAR,14896,up to 100 K USD,above 7 YRS,PA,4,68,1,1
919,0 USD,24,EXISTING CREDITS PAID BACK,FURNITURE,2359,100 to 500 K USD,TBD,PA,1 to 2 YRS,33,1,1
920,0 USD,24,EXISTING CREDITS PAID BACK,FURNITURE,3345,up to 100 K USD,above 7 YRS,NY,2 to 3 YRS,39,1,1
921,NONE,18,CRITICAL ACCOUNT,FURNITURE,1817,up to 100 K USD,1 to 4 YRS,NY,2 to 3 YRS,28,2,0
922,NONE,48,DELAY IN PAST,ELECTRONICS,12749,500 to 1000 K USD,4 to 7 YRS,NY,1 to 2 YRS,37,1,0
923,0 USD,9,EXISTING CREDITS PAID BACK,ELECTRONICS,1366,up to 100 K USD,up to 1 YR,CT,4,22,1,1
924,0 to 200 USD,12,EXISTING CREDITS PAID BACK,NEW CAR,2002,up to 100 K USD,4 to 7 YRS,CT,4,30,1,0
925,0 USD,24,ALL CREDITS PAID BACK,FURNITURE,6872,up to 100 K USD,up to 1 YR,NJ,1 to 2 YRS,55,1,1
926,0 USD,12,ALL CREDITS PAID BACK,NEW CAR,697,up to 100 K USD,up to 1 YR,NY,2 to 3 YRS,46,2,1
927,0 USD,18,CRITICAL ACCOUNT,FURNITURE,1049,up to 100 K USD,up to 1 YR,NY,4,21,1,0
928,0 USD,48,EXISTING CREDITS PAID BACK,USED CAR,10297,up to 100 K USD,4 to 7 YRS,NY,4,39,3,1
929,NONE,30,EXISTING CREDITS PAID BACK,ELECTRONICS,1867,UNKNOWN/NONE,above 7 YRS,NY,4,58,1,0
930,0 USD,12,DELAY IN PAST,NEW CAR,1344,up to 100 K USD,1 to 4 YRS,NY,2 to 3 YRS,43,2,0
931,0 USD,24,EXISTING CREDITS PAID BACK,FURNITURE,1747,up to 100 K USD,up to 1 YR,NY,1 to 2 YRS,24,1,0
932,0 to 200 USD,9,EXISTING CREDITS PAID BACK,ELECTRONICS,1670,up to 100 K USD,up to 1 YR,NY,2 to 3 YRS,22,1,1
933,NONE,9,CRITICAL ACCOUNT,NEW CAR,1224,up to 100 K USD,1 to 4 YRS,CT,1 to 2 YRS,30,2,0
934,NONE,12,CRITICAL ACCOUNT,ELECTRONICS,522,500 to 1000 K USD,above 7 YRS,NY,4,42,2,0
935,0 USD,12,EXISTING CREDITS PAID BACK,ELECTRONICS,1498,up to 100 K USD,1 to 4 YRS,NY,1 to 2 YRS,23,1,0
936,0 to 200 USD,30,DELAY IN PAST,ELECTRONICS,1919,100 to 500 K USD,up to 1 YR,NY,above 4 YRS,30,2,1
937,above 200 USD,9,EXISTING CREDITS PAID BACK,ELECTRONICS,745,up to 100 K USD,1 to 4 YRS,CT,2 to 3 YRS,28,1,1
938,0 to 200 USD,6,EXISTING CREDITS PAID BACK,ELECTRONICS,2063,up to 100 K USD,up to 1 YR,NY,above 4 YRS,30,1,0
939,0 to 200 USD,60,EXISTING CREDITS PAID BACK,EDUCATION,6288,up to 100 K USD,1 to 4 YRS,NY,4,42,1,1
940,NONE,24,CRITICAL ACCOUNT,USED CAR,6842,UNKNOWN/NONE,1 to 4 YRS,NJ,4,46,2,0
941,NONE,12,EXISTING CREDITS PAID BACK,NEW CAR,3527,UNKNOWN/NONE,up to 1 YR,NJ,above 4 YRS,45,1,0
942,NONE,10,EXISTING CREDITS PAID BACK,NEW CAR,1546,up to 100 K USD,1 to 4 YRS,CT,2 to 3 YRS,31,1,0
943,NONE,24,EXISTING CREDITS PAID BACK,FURNITURE,929,UNKNOWN/NONE,4 to 7 YRS,NY,2 to 3 YRS,31,1,0
944,NONE,4,CRITICAL ACCOUNT,NEW CAR,1455,up to 100 K USD,4 to 7 YRS,NJ,1 to 2 YRS,42,3,0
945,0 USD,15,EXISTING CREDITS PAID BACK,FURNITURE,1845,up to 100 K USD,up to 1 YR,NY,1 to 2 YRS,46,1,0
946,0 to 200 USD,48,NONE TAKEN,NEW CAR,8358,500 to 1000 K USD,up to 1 YR,PA,1 to 2 YRS,30,2,0
947,0 USD,24,ALL CREDITS PAID BACK,FURNITURE,3349,500 to 1000 K USD,up to 1 YR,NY,4,30,1,1
948,NONE,12,EXISTING CREDITS PAID BACK,NEW CAR,2859,UNKNOWN/NONE,TBD,NY,4,38,1,0
949,NONE,18,EXISTING CREDITS PAID BACK,FURNITURE,1533,up to 100 K USD,up to 1 YR,NY,1 to 2 YRS,43,1,1
950,NONE,24,EXISTING CREDITS PAID BACK,ELECTRONICS,3621,100 to 500 K USD,above 7 YRS,NJ,4,31,2,1
951,0 to 200 USD,18,CRITICAL ACCOUNT,RETRAINING,3590,up to 100 K USD,TBD,CT,above 4 YRS,40,3,0
952,0 USD,36,DELAY IN PAST,RETRAINING,2145,up to 100 K USD,4 to 7 YRS,NJ,1 to 2 YRS,24,2,1
953,0 to 200 USD,24,EXISTING CREDITS PAID BACK,USED CAR,4113,500 to 1000 K USD,up to 1 YR,CT,4,28,1,1
954,NONE,36,EXISTING CREDITS PAID BACK,FURNITURE,10974,up to 100 K USD,TBD,NY,2 to 3 YRS,26,2,1
955,0 USD,12,EXISTING CREDITS PAID BACK,NEW CAR,1893,up to 100 K USD,1 to 4 YRS,NY,4,29,1,0
956,0 USD,24,CRITICAL ACCOUNT,ELECTRONICS,1231,above 1000 K USD,above 7 YRS,NY,4,57,2,0
957,above 200 USD,30,CRITICAL ACCOUNT,ELECTRONICS,3656,UNKNOWN/NONE,above 7 YRS,NY,4,49,2,0
958,0 to 200 USD,9,CRITICAL ACCOUNT,ELECTRONICS,1154,up to 100 K USD,above 7 YRS,NJ,4,37,3,0
959,0 USD,28,EXISTING CREDITS PAID BACK,NEW CAR,4006,up to 100 K USD,1 to 4 YRS,CT,2 to 3 YRS,45,1,1
960,0 to 200 USD,24,EXISTING CREDITS PAID BACK,FURNITURE,3069,100 to 500 K USD,above 7 YRS,NY,4,30,1,0
961,NONE,6,CRITICAL ACCOUNT,ELECTRONICS,1740,up to 100 K USD,above 7 YRS,NJ,2 to 3 YRS,30,2,0
962,0 to 200 USD,21,DELAY IN PAST,NEW CAR,2353,up to 100 K USD,1 to 4 YRS,PA,4,47,2,0
963,NONE,15,EXISTING CREDITS PAID BACK,NEW CAR,3556,UNKNOWN/NONE,1 to 4 YRS,CT,2 to 3 YRS,29,1,0
964,NONE,24,EXISTING CREDITS PAID BACK,ELECTRONICS,2397,500 to 1000 K USD,above 7 YRS,CT,2 to 3 YRS,35,2,1
965,0 to 200 USD,6,EXISTING CREDITS PAID BACK,OTHER,454,up to 100 K USD,up to 1 YR,CT,1 to 2 YRS,22,1,0
966,0 to 200 USD,30,EXISTING CREDITS PAID BACK,ELECTRONICS,1715,UNKNOWN/NONE,1 to 4 YRS,NY,1 to 2 YRS,26,1,0
967,0 to 200 USD,27,CRITICAL ACCOUNT,ELECTRONICS,2520,500 to 1000 K USD,1 to 4 YRS,NY,2 to 3 YRS,23,2,1
968,NONE,15,EXISTING CREDITS PAID BACK,ELECTRONICS,3568,up to 100 K USD,above 7 YRS,NY,2 to 3 YRS,54,1,0
969,NONE,42,EXISTING CREDITS PAID BACK,ELECTRONICS,7166,UNKNOWN/NONE,4 to 7 YRS,NJ,4,29,1,0
970,0 USD,11,CRITICAL ACCOUNT,NEW CAR,3939,up to 100 K USD,1 to 4 YRS,PA,2 to 3 YRS,40,2,0
971,0 to 200 USD,15,EXISTING CREDITS PAID BACK,OTHER,1514,100 to 500 K USD,1 to 4 YRS,NY,2 to 3 YRS,22,1,0
972,NONE,24,EXISTING CREDITS PAID BACK,NEW CAR,7393,up to 100 K USD,1 to 4 YRS,PA,4,43,1,0
973,0 USD,24,ALL CREDITS PAID BACK,NEW CAR,1193,up to 100 K USD,TBD,PA,4,29,2,1
974,0 USD,60,EXISTING CREDITS PAID BACK,RETRAINING,7297,up to 100 K USD,above 7 YRS,NY,4,36,1,1
975,NONE,30,CRITICAL ACCOUNT,ELECTRONICS,2831,up to 100 K USD,1 to 4 YRS,NY,2 to 3 YRS,33,1,0
976,above 200 USD,24,EXISTING CREDITS PAID BACK,ELECTRONICS,1258,500 to 1000 K USD,1 to 4 YRS,CT,above 4 YRS,57,1,0
977,0 to 200 USD,6,EXISTING CREDITS PAID BACK,ELECTRONICS,753,up to 100 K USD,1 to 4 YRS,NJ,above 4 YRS,64,1,0
978,0 to 200 USD,18,DELAY IN PAST,RETRAINING,2427,UNKNOWN/NONE,above 7 YRS,NY,2 to 3 YRS,42,2,0
979,NONE,24,DELAY IN PAST,NEW CAR,2538,up to 100 K USD,above 7 YRS,NY,4,47,2,1
980,0 to 200 USD,15,ALL CREDITS PAID BACK,NEW CAR,1264,100 to 500 K USD,1 to 4 YRS,NJ,2 to 3 YRS,25,1,1
981,0 to 200 USD,30,CRITICAL ACCOUNT,FURNITURE,8386,up to 100 K USD,4 to 7 YRS,NJ,2 to 3 YRS,49,1,1
982,NONE,48,EXISTING CREDITS PAID BACK,RETRAINING,4844,up to 100 K USD,TBD,CT,2 to 3 YRS,33,1,1
983,above 200 USD,21,EXISTING CREDITS PAID BACK,NEW CAR,2923,100 to 500 K USD,1 to 4 YRS,PA,1 to 2 YRS,28,1,0
984,0 USD,36,EXISTING CREDITS PAID BACK,USED CAR,8229,up to 100 K USD,1 to 4 YRS,NJ,2 to 3 YRS,26,1,1
985,NONE,24,CRITICAL ACCOUNT,FURNITURE,2028,up to 100 K USD,4 to 7 YRS,NJ,2 to 3 YRS,30,2,0
986,0 USD,15,CRITICAL ACCOUNT,FURNITURE,1433,up to 100 K USD,1 to 4 YRS,NY,above 4 YRS,25,2,0
987,above 200 USD,42,NONE TAKEN,RETRAINING,6289,up to 100 K USD,up to 1 YR,NJ,1 to 2 YRS,33,2,0
988,NONE,13,EXISTING CREDITS PAID BACK,ELECTRONICS,1409,100 to 500 K USD,TBD,NJ,4,64,1,0
989,0 USD,24,EXISTING CREDITS PAID BACK,USED CAR,6579,up to 100 K USD,TBD,NY,2 to 3 YRS,29,1,0
990,0 to 200 USD,24,CRITICAL ACCOUNT,ELECTRONICS,1743,up to 100 K USD,above 7 YRS,NY,2 to 3 YRS,48,2,0
991,NONE,12,CRITICAL ACCOUNT,EDUCATION,3565,UNKNOWN/NONE,up to 1 YR,NJ,1 to 2 YRS,37,2,0
992,NONE,15,ALL CREDITS PAID BACK,ELECTRONICS,1569,100 to 500 K USD,above 7 YRS,NY,4,34,1,0
993,0 USD,18,EXISTING CREDITS PAID BACK,ELECTRONICS,1936,UNKNOWN/NONE,4 to 7 YRS,NJ,4,23,2,0
994,0 USD,36,EXISTING CREDITS PAID BACK,FURNITURE,3959,up to 100 K USD,TBD,NY,above 4 YRS,30,1,0
995,NONE,12,EXISTING CREDITS PAID BACK,NEW CAR,2390,UNKNOWN/NONE,above 7 YRS,NY,above 4 YRS,50,1,0
996,NONE,12,EXISTING CREDITS PAID BACK,FURNITURE,1736,up to 100 K USD,4 to 7 YRS,CT,4,31,1,0
997,0 USD,30,EXISTING CREDITS PAID BACK,USED CAR,3857,up to 100 K USD,1 to 4 YRS,NY,4,40,1,0
998,NONE,12,EXISTING CREDITS PAID BACK,ELECTRONICS,804,up to 100 K USD,above 7 YRS,NY,4,38,1,0
999,0 USD,45,EXISTING CREDITS PAID BACK,ELECTRONICS,1845,up to 100 K USD,1 to 4 YRS,NY,4,23,1,1
1000,0 to 200 USD,45,CRITICAL ACCOUNT,USED CAR,4576,100 to 500 K USD,TBD,CT,4,27,1,0
1,0 USD,6,CRITICAL ACCOUNT,ELECTRONICS,1169,UNKNOWN/NONE,above 7 YRS,NY,4,67,2,0
2,0 to 200 USD,48,EXISTING CREDITS PAID BACK,ELECTRONICS,5951,up to 100 K USD,1 to 4 YRS,NJ,2 to 3 YRS,22,1,1
3,NONE,12,CRITICAL ACCOUNT,EDUCATION,2096,up to 100 K USD,4 to 7 YRS,NJ,above 4 YRS,49,1,0
4,0 USD,42,EXISTING CREDITS PAID BACK,FURNITURE,7882,up to 100 K USD,4 to 7 YRS,NJ,4,45,1,0
5,0 USD,24,DELAY IN PAST,NEW CAR,4870,up to 100 K USD,1 to 4 YRS,CT,4,53,2,1
6,NONE,36,EXISTING CREDITS PAID BACK,EDUCATION,9055,UNKNOWN/NONE,1 to 4 YRS,NJ,4,35,1,0
7,NONE,24,EXISTING CREDITS PAID BACK,FURNITURE,2835,500 to 1000 K USD,above 7 YRS,CT,4,53,1,0
8,0 to 200 USD,36,EXISTING CREDITS PAID BACK,USED CAR,6948,up to 100 K USD,1 to 4 YRS,NJ,2 to 3 YRS,35,1,0
9,NONE,12,EXISTING CREDITS PAID BACK,ELECTRONICS,3059,above 1000 K USD,4 to 7 YRS,NJ,4,61,1,0
10,0 to 200 USD,30,CRITICAL ACCOUNT,NEW CAR,5234,up to 100 K USD,TBD,NY,2 to 3 YRS,28,2,1
11,0 to 200 USD,12,EXISTING CREDITS PAID BACK,NEW CAR,1295,up to 100 K USD,up to 1 YR,CT,1 to 2 YRS,25,1,1
12,0 USD,48,EXISTING CREDITS PAID BACK,RETRAINING,4308,up to 100 K USD,up to 1 YR,CT,4,24,1,1
13,0 to 200 USD,12,EXISTING CREDITS PAID BACK,ELECTRONICS,1567,up to 100 K USD,1 to 4 YRS,PA,1 to 2 YRS,22,1,0
14,0 USD,24,CRITICAL ACCOUNT,NEW CAR,1199,up to 100 K USD,above 7 YRS,NY,4,60,2,1
15,0 USD,15,EXISTING CREDITS PAID BACK,NEW CAR,1403,up to 100 K USD,1 to 4 YRS,NJ,4,28,1,0
16,0 USD,24,EXISTING CREDITS PAID BACK,ELECTRONICS,1282,100 to 500 K USD,1 to 4 YRS,NY,2 to 3 YRS,32,1,1
17,NONE,24,CRITICAL ACCOUNT,ELECTRONICS,2424,UNKNOWN/NONE,above 7 YRS,NY,4,53,2,0
18,0 USD,30,NONE TAKEN,RETRAINING,8072,UNKNOWN/NONE,up to 1 YR,NJ,above 4 YRS,25,3,0
19,0 to 200 USD,24,EXISTING CREDITS PAID BACK,USED CAR,12579,up to 100 K USD,above 7 YRS,NY,2 to 3 YRS,44,1,1
20,NONE,24,EXISTING CREDITS PAID BACK,ELECTRONICS,3430,500 to 1000 K USD,above 7 YRS,CT,2 to 3 YRS,31,1,0
21,NONE,9,CRITICAL ACCOUNT,NEW CAR,2134,up to 100 K USD,1 to 4 YRS,NY,4,48,3,0
22,0 USD,6,EXISTING CREDITS PAID BACK,ELECTRONICS,2647,500 to 1000 K USD,1 to 4 YRS,NJ,above 4 YRS,44,1,0
23,0 USD,10,CRITICAL ACCOUNT,NEW CAR,2241,up to 100 K USD,up to 1 YR,PA,above 4 YRS,48,2,0
24,0 to 200 USD,12,CRITICAL ACCOUNT,USED CAR,1804,100 to 500 K USD,up to 1 YR,CT,4,44,1,0
25,NONE,10,CRITICAL ACCOUNT,FURNITURE,2069,UNKNOWN/NONE,1 to 4 YRS,NJ,1 to 2 YRS,26,2,0
26,0 USD,6,EXISTING CREDITS PAID BACK,FURNITURE,1374,up to 100 K USD,1 to 4 YRS,PA,2 to 3 YRS,36,1,0
27,NONE,6,NONE TAKEN,ELECTRONICS,426,up to 100 K USD,above 7 YRS,NY,4,39,1,0
28,above 200 USD,12,ALL CREDITS PAID BACK,ELECTRONICS,409,above 1000 K USD,1 to 4 YRS,CT,above 4 YRS,42,2,0
29,0 to 200 USD,7,EXISTING CREDITS PAID BACK,ELECTRONICS,2415,up to 100 K USD,1 to 4 YRS,CT,2 to 3 YRS,34,1,0
30,0 USD,60,DELAY IN PAST,RETRAINING,6836,up to 100 K USD,above 7 YRS,CT,4,63,2,1
31,0 to 200 USD,18,EXISTING CREDITS PAID BACK,RETRAINING,1913,above 1000 K USD,up to 1 YR,CT,above 4 YRS,36,1,0
32,0 USD,24,EXISTING CREDITS PAID BACK,FURNITURE,4020,up to 100 K USD,1 to 4 YRS,NJ,2 to 3 YRS,27,1,0
33,0 to 200 USD,18,EXISTING CREDITS PAID BACK,NEW CAR,5866,100 to 500 K USD,1 to 4 YRS,NJ,2 to 3 YRS,30,2,0
34,NONE,12,CRITICAL ACCOUNT,RETRAINING,1264,UNKNOWN/NONE,above 7 YRS,NY,4,57,1,0
35,above 200 USD,12,EXISTING CREDITS PAID BACK,FURNITURE,1474,up to 100 K USD,up to 1 YR,NY,1 to 2 YRS,33,1,0
36,0 to 200 USD,45,CRITICAL ACCOUNT,ELECTRONICS,4746,up to 100 K USD,up to 1 YR,NY,2 to 3 YRS,25,2,1
37,NONE,48,CRITICAL ACCOUNT,EDUCATION,6110,up to 100 K USD,1 to 4 YRS,PA,above 4 YRS,31,1,0
38,above 200 USD,18,EXISTING CREDITS PAID BACK,ELECTRONICS,2100,up to 100 K USD,1 to 4 YRS,NY,2 to 3 YRS,37,1,1
39,above 200 USD,10,EXISTING CREDITS PAID BACK,OTHER,1225,up to 100 K USD,1 to 4 YRS,NJ,2 to 3 YRS,37,1,0
40,0 to 200 USD,9,EXISTING CREDITS PAID BACK,ELECTRONICS,458,up to 100 K USD,1 to 4 YRS,NY,above 4 YRS,24,1,0
41,NONE,30,EXISTING CREDITS PAID BACK,ELECTRONICS,2333,500 to 1000 K USD,above 7 YRS,NY,2 to 3 YRS,30,1,0
42,0 to 200 USD,12,EXISTING CREDITS PAID BACK,ELECTRONICS,1158,500 to 1000 K USD,1 to 4 YRS,CT,1 to 2 YRS,26,1,0
43,0 to 200 USD,18,DELAY IN PAST,OTHER,6204,up to 100 K USD,1 to 4 YRS,NJ,4,44,1,0
44,0 USD,30,CRITICAL ACCOUNT,USED CAR,6187,100 to 500 K USD,4 to 7 YRS,PA,4,24,2,0
45,0 USD,48,CRITICAL ACCOUNT,USED CAR,6143,up to 100 K USD,above 7 YRS,NY,4,58,2,1
46,NONE,11,CRITICAL ACCOUNT,NEW CAR,1393,up to 100 K USD,up to 1 YR,NY,4,35,2,0
47,NONE,36,EXISTING CREDITS PAID BACK,ELECTRONICS,2299,500 to 1000 K USD,above 7 YRS,NY,4,39,1,0
48,0 USD,6,EXISTING CREDITS PAID BACK,USED CAR,1352,500 to 1000 K USD,TBD,PA,2 to 3 YRS,23,1,0
49,NONE,11,CRITICAL ACCOUNT,NEW CAR,7228,up to 100 K USD,1 to 4 YRS,PA,4,39,2,0
50,NONE,12,EXISTING CREDITS PAID BACK,ELECTRONICS,2073,100 to 500 K USD,1 to 4 YRS,NY,2 to 3 YRS,28,1,0
51,0 to 200 USD,24,DELAY IN PAST,FURNITURE,2333,UNKNOWN/NONE,up to 1 YR,NY,2 to 3 YRS,29,1,0
52,0 to 200 USD,27,DELAY IN PAST,USED CAR,5965,up to 100 K USD,above 7 YRS,PA,2 to 3 YRS,30,2,0
53,NONE,12,EXISTING CREDITS PAID BACK,ELECTRONICS,1262,up to 100 K USD,1 to 4 YRS,CT,2 to 3 YRS,25,1,0
54,NONE,18,EXISTING CREDITS PAID BACK,USED CAR,3378,UNKNOWN/NONE,1 to 4 YRS,NJ,1 to 2 YRS,31,1,0
55,0 to 200 USD,36,DELAY IN PAST,NEW CAR,2225,up to 100 K USD,above 7 YRS,NY,4,57,2,1
56,NONE,6,ALL CREDITS PAID BACK,NEW CAR,783,UNKNOWN/NONE,1 to 4 YRS,PA,2 to 3 YRS,26,1,0
57,0 to 200 USD,12,EXISTING CREDITS PAID BACK,ELECTRONICS,6468,UNKNOWN/NONE,TBD,NJ,1 to 2 YRS,52,1,1
58,NONE,36,CRITICAL ACCOUNT,ELECTRONICS,9566,up to 100 K USD,1 to 4 YRS,NJ,2 to 3 YRS,31,2,0
59,above 200 USD,18,EXISTING CREDITS PAID BACK,NEW CAR,1961,up to 100 K USD,above 7 YRS,CT,2 to 3 YRS,23,1,0
60,0 USD,36,CRITICAL ACCOUNT,FURNITURE,6229,up to 100 K USD,up to 1 YR,NY,4,23,2,1
61,0 to 200 USD,9,EXISTING CREDITS PAID BACK,RETRAINING,1391,up to 100 K USD,1 to 4 YRS,NJ,1 to 2 YRS,27,1,0
62,0 to 200 USD,15,CRITICAL ACCOUNT,ELECTRONICS,1537,UNKNOWN/NONE,above 7 YRS,NY,4,50,2,0
63,0 to 200 USD,36,NONE TAKEN,RETRAINING,1953,up to 100 K USD,above 7 YRS,NY,4,61,1,1
64,0 to 200 USD,48,NONE TAKEN,RETRAINING,14421,up to 100 K USD,1 to 4 YRS,NJ,2 to 3 YRS,25,1,1
65,NONE,24,EXISTING CREDITS PAID BACK,ELECTRONICS,3181,up to 100 K USD,up to 1 YR,NY,4,26,1,0
66,NONE,27,EXISTING CREDITS PAID BACK,OTHER,5190,UNKNOWN/NONE,above 7 YRS,NY,4,48,4,0
67,NONE,12,EXISTING CREDITS PAID BACK,ELECTRONICS,2171,up to 100 K USD,up to 1 YR,NJ,2 to 3 YRS,29,1,0
68,0 to 200 USD,12,EXISTING CREDITS PAID BACK,NEW CAR,1007,above 1000 K USD,1 to 4 YRS,NY,1 to 2 YRS,22,1,0
69,NONE,36,EXISTING CREDITS PAID BACK,EDUCATION,1819,up to 100 K USD,1 to 4 YRS,NY,4,37,1,1
70,NONE,36,EXISTING CREDITS PAID BACK,ELECTRONICS,2394,UNKNOWN/NONE,1 to 4 YRS,NY,4,25,1,0
71,NONE,36,EXISTING CREDITS PAID BACK,USED CAR,8133,up to 100 K USD,1 to 4 YRS,PA,2 to 3 YRS,30,1,0
72,NONE,7,CRITICAL ACCOUNT,ELECTRONICS,730,UNKNOWN/NONE,above 7 YRS,NY,2 to 3 YRS,46,2,0
73,0 USD,8,CRITICAL ACCOUNT,OTHER,1164,up to 100 K USD,above 7 YRS,CT,4,51,2,0
74,0 to 200 USD,42,CRITICAL ACCOUNT,RETRAINING,5954,up to 100 K USD,4 to 7 YRS,NJ,1 to 2 YRS,41,2,0
75,0 USD,36,EXISTING CREDITS PAID BACK,EDUCATION,1977,UNKNOWN/NONE,above 7 YRS,NY,4,40,1,1
76,0 USD,12,CRITICAL ACCOUNT,USED CAR,1526,up to 100 K USD,above 7 YRS,NY,4,66,2,0
77,0 USD,42,EXISTING CREDITS PAID BACK,ELECTRONICS,3965,up to 100 K USD,up to 1 YR,NY,above 4 YRS,34,1,1
78,0 to 200 USD,11,DELAY IN PAST,ELECTRONICS,4771,up to 100 K USD,4 to 7 YRS,NJ,4,51,1,0
79,NONE,54,NONE TAKEN,USED CAR,9436,UNKNOWN/NONE,1 to 4 YRS,NJ,2 to 3 YRS,39,1,0
80,0 to 200 USD,30,EXISTING CREDITS PAID BACK,FURNITURE,3832,up to 100 K USD,up to 1 YR,NJ,1 to 2 YRS,22,1,0
81,NONE,24,EXISTING CREDITS PAID BACK,ELECTRONICS,5943,UNKNOWN/NONE,up to 1 YR,PA,1 to 2 YRS,44,2,1
82,NONE,15,EXISTING CREDITS PAID BACK,ELECTRONICS,1213,500 to 1000 K USD,above 7 YRS,NY,above 4 YRS,47,1,0
83,NONE,18,EXISTING CREDITS PAID BACK,RETRAINING,1568,100 to 500 K USD,1 to 4 YRS,CT,4,24,1,0
84,0 USD,24,EXISTING CREDITS PAID BACK,OTHER,1755,up to 100 K USD,above 7 YRS,NY,4,58,1,0
85,0 USD,10,EXISTING CREDITS PAID BACK,ELECTRONICS,2315,up to 100 K USD,above 7 YRS,CT,4,52,1,0
86,NONE,12,CRITICAL ACCOUNT,RETRAINING,1412,up to 100 K USD,1 to 4 YRS,NY,2 to 3 YRS,29,2,0
87,0 to 200 USD,18,CRITICAL ACCOUNT,FURNITURE,1295,up to 100 K USD,up to 1 YR,NY,1 to 2 YRS,27,2,0
88,0 to 200 USD,36,EXISTING CREDITS PAID BACK,EDUCATION,12612,100 to 500 K USD,1 to 4 YRS,PA,4,47,1,1
89,0 USD,18,EXISTING CREDITS PAID BACK,NEW CAR,2249,100 to 500 K USD,4 to 7 YRS,NY,above 4 YRS,30,1,0
90,0 USD,12,NONE TAKEN,OTHER,1108,up to 100 K USD,4 to 7 YRS,NY,above 4 YRS,28,2,1
91,NONE,12,CRITICAL ACCOUNT,ELECTRONICS,618,up to 100 K USD,above 7 YRS,NY,4,56,1,0
92,0 USD,12,CRITICAL ACCOUNT,USED CAR,1409,up to 100 K USD,above 7 YRS,NY,above 4 YRS,54,1,0
93,NONE,12,CRITICAL ACCOUNT,ELECTRONICS,797,UNKNOWN/NONE,above 7 YRS,NY,above 4 YRS,33,1,1
94,above 200 USD,24,CRITICAL ACCOUNT,FURNITURE,3617,UNKNOWN/NONE,above 7 YRS,NY,4,20,2,0
95,0 to 200 USD,12,EXISTING CREDITS PAID BACK,NEW CAR,1318,above 1000 K USD,above 7 YRS,NY,4,54,1,0
96,0 to 200 USD,54,NONE TAKEN,RETRAINING,15945,up to 100 K USD,up to 1 YR,CT,4,58,1,1
97,NONE,12,CRITICAL ACCOUNT,EDUCATION,2012,UNKNOWN/NONE,4 to 7 YRS,NY,2 to 3 YRS,61,1,0
98,0 to 200 USD,18,EXISTING CREDITS PAID BACK,RETRAINING,2622,100 to 500 K USD,1 to 4 YRS,NY,4,34,1,0
99,0 to 200 USD,36,CRITICAL ACCOUNT,ELECTRONICS,2337,up to 100 K USD,above 7 YRS,NY,4,36,1,0
100,0 to 200 USD,20,DELAY IN PAST,USED CAR,7057,UNKNOWN/NONE,4 to 7 YRS,CT,4,36,2,0
101,NONE,24,EXISTING CREDITS PAID BACK,NEW CAR,1469,100 to 500 K USD,above 7 YRS,NY,4,41,1,0
102,0 to 200 USD,36,EXISTING CREDITS PAID BACK,ELECTRONICS,2323,up to 100 K USD,4 to 7 YRS,NY,4,24,1,0
103,NONE,6,DELAY IN PAST,ELECTRONICS,932,up to 100 K USD,1 to 4 YRS,CT,2 to 3 YRS,24,1,0
104,0 to 200 USD,9,CRITICAL ACCOUNT,FURNITURE,1919,up to 100 K USD,4 to 7 YRS,NY,above 4 YRS,35,1,0
105,NONE,12,EXISTING CREDITS PAID BACK,USED CAR,2445,UNKNOWN/NONE,up to 1 YR,NJ,4,26,1,0
106,0 to 200 USD,24,CRITICAL ACCOUNT,OTHER,11938,up to 100 K USD,1 to 4 YRS,NJ,above 4 YRS,39,2,1
107,NONE,18,ALL CREDITS PAID BACK,NEW CAR,6458,up to 100 K USD,above 7 YRS,NJ,4,39,2,1
108,0 to 200 USD,12,EXISTING CREDITS PAID BACK,NEW CAR,6078,up to 100 K USD,4 to 7 YRS,NJ,2 to 3 YRS,32,1,0
109,0 USD,24,EXISTING CREDITS PAID BACK,FURNITURE,7721,UNKNOWN/NONE,up to 1 YR,PA,2 to 3 YRS,30,1,0
110,0 to 200 USD,14,EXISTING CREDITS PAID BACK,RETRAINING,1410,500 to 1000 K USD,above 7 YRS,PA,2 to 3 YRS,35,1,0
111,0 to 200 USD,6,DELAY IN PAST,RETRAINING,1449,100 to 500 K USD,above 7 YRS,PA,2 to 3 YRS,31,2,0
112,above 200 USD,15,EXISTING CREDITS PAID BACK,EDUCATION,392,up to 100 K USD,up to 1 YR,NY,4,23,1,0
113,0 to 200 USD,18,EXISTING CREDITS PAID BACK,NEW CAR,6260,up to 100 K USD,4 to 7 YRS,CT,above 4 YRS,28,1,0
114,NONE,36,CRITICAL ACCOUNT,NEW CAR,7855,up to 100 K USD,1 to 4 YRS,NY,2 to 3 YRS,25,2,1
115,0 USD,12,EXISTING CREDITS PAID BACK,ELECTRONICS,1680,500 to 1000 K USD,above 7 YRS,CT,1 to 2 YRS,35,1,0
116,NONE,48,CRITICAL ACCOUNT,ELECTRONICS,3578,UNKNOWN/NONE,above 7 YRS,NY,1 to 2 YRS,47,1,0
117,0 USD,42,EXISTING CREDITS PAID BACK,ELECTRONICS,7174,UNKNOWN/NONE,4 to 7 YRS,NY,above 4 YRS,30,1,1
118,0 USD,10,CRITICAL ACCOUNT,FURNITURE,2132,UNKNOWN/NONE,up to 1 YR,NJ,above 4 YRS,27,2,0
119,0 USD,33,CRITICAL ACCOUNT,FURNITURE,4281,500 to 1000 K USD,1 to 4 YRS,PA,4,23,2,1
120,0 to 200 USD,12,CRITICAL ACCOUNT,NEW CAR,2366,500 to 1000 K USD,4 to 7 YRS,CT,above 4 YRS,36,1,0
121,0 USD,21,EXISTING CREDITS PAID BACK,ELECTRONICS,1835,up to 100 K USD,1 to 4 YRS,CT,2 to 3 YRS,25,2,1
122,NONE,24,CRITICAL ACCOUNT,USED CAR,3868,up to 100 K USD,above 7 YRS,NY,2 to 3 YRS,41,2,0
123,NONE,12,EXISTING CREDITS PAID BACK,FURNITURE,1768,up to 100 K USD,1 to 4 YRS,CT,2 to 3 YRS,24,1,0
124,above 200 USD,10,CRITICAL ACCOUNT,NEW CAR,781,up to 100 K USD,above 7 YRS,NY,4,63,2,0
125,0 to 200 USD,18,EXISTING CREDITS PAID BACK,FURNITURE,1924,UNKNOWN/NONE,up to 1 YR,NY,above 4 YRS,27,1,1
126,0 USD,12,CRITICAL ACCOUNT,NEW CAR,2121,up to 100 K USD,1 to 4 YRS,NY,2 to 3 YRS,30,2,0
127,0 USD,12,EXISTING CREDITS PAID BACK,ELECTRONICS,701,up to 100 K USD,1 to 4 YRS,NY,2 to 3 YRS,40,1,0
128,0 to 200 USD,12,EXISTING CREDITS PAID BACK,OTHER,639,up to 100 K USD,1 to 4 YRS,NY,2 to 3 YRS,30,1,1
129,0 to 200 USD,12,CRITICAL ACCOUNT,USED CAR,1860,up to 100 K USD,TBD,NY,2 to 3 YRS,34,2,0
130,0 USD,12,CRITICAL ACCOUNT,NEW CAR,3499,up to 100 K USD,1 to 4 YRS,CT,2 to 3 YRS,29,2,1
131,0 to 200 USD,48,EXISTING CREDITS PAID BACK,NEW CAR,8487,UNKNOWN/NONE,4 to 7 YRS,PA,2 to 3 YRS,24,1,0
132,0 USD,36,DELAY IN PAST,EDUCATION,6887,up to 100 K USD,1 to 4 YRS,NY,above 4 YRS,29,1,1
133,NONE,15,EXISTING CREDITS PAID BACK,FURNITURE,2708,up to 100 K USD,up to 1 YR,NJ,above 4 YRS,27,2,0
134,NONE,18,EXISTING CREDITS PAID BACK,FURNITURE,1984,up to 100 K USD,1 to 4 YRS,NY,4,47,2,0
135,NONE,60,EXISTING CREDITS PAID BACK,ELECTRONICS,10144,100 to 500 K USD,4 to 7 YRS,NJ,4,21,1,0
136,NONE,12,CRITICAL ACCOUNT,ELECTRONICS,1240,UNKNOWN/NONE,above 7 YRS,NY,2 to 3 YRS,38,2,0
137,NONE,27,DELAY IN PAST,USED CAR,8613,above 1000 K USD,1 to 4 YRS,NJ,2 to 3 YRS,27,2,0
138,0 to 200 USD,12,EXISTING CREDITS PAID BACK,ELECTRONICS,766,500 to 1000 K USD,1 to 4 YRS,NY,above 4 YRS,66,1,1
139,0 to 200 USD,15,CRITICAL ACCOUNT,ELECTRONICS,2728,UNKNOWN/NONE,4 to 7 YRS,NY,2 to 3 YRS,35,3,0
140,above 200 USD,12,EXISTING CREDITS PAID BACK,ELECTRONICS,1881,up to 100 K USD,1 to 4 YRS,NJ,2 to 3 YRS,44,1,0
141,above 200 USD,6,EXISTING CREDITS PAID BACK,NEW CAR,709,above 1000 K USD,up to 1 YR,NJ,2 to 3 YRS,27,1,0
142,0 to 200 USD,36,EXISTING CREDITS PAID BACK,ELECTRONICS,4795,up to 100 K USD,up to 1 YR,NY,1 to 2 YRS,30,1,0
143,0 USD,27,EXISTING CREDITS PAID BACK,ELECTRONICS,3416,up to 100 K USD,1 to 4 YRS,CT,2 to 3 YRS,27,1,0
144,0 USD,18,EXISTING CREDITS PAID BACK,FURNITURE,2462,up to 100 K USD,1 to 4 YRS,NJ,2 to 3 YRS,22,1,1
145,NONE,21,CRITICAL ACCOUNT,FURNITURE,2288,up to 100 K USD,up to 1 YR,NY,4,23,1,0
146,0 to 200 USD,48,ALL CREDITS PAID BACK,RETRAINING,3566,100 to 500 K USD,4 to 7 YRS,NY,2 to 3 YRS,30,1,0
147,0 USD,6,CRITICAL ACCOUNT,NEW CAR,860,up to 100 K USD,above 7 YRS,PA,4,39,2,0
148,NONE,12,CRITICAL ACCOUNT,NEW CAR,682,100 to 500 K USD,4 to 7 YRS,NY,above 4 YRS,51,2,0
149,0 USD,36,CRITICAL ACCOUNT,FURNITURE,5371,up to 100 K USD,1 to 4 YRS,CT,2 to 3 YRS,28,2,0
150,NONE,18,CRITICAL ACCOUNT,ELECTRONICS,1582,above 1000 K USD,above 7 YRS,NY,4,46,2,0
151,NONE,6,EXISTING CREDITS PAID BACK,ELECTRONICS,1346,100 to 500 K USD,above 7 YRS,NJ,4,42,1,0
152,NONE,10,EXISTING CREDITS PAID BACK,ELECTRONICS,1924,up to 100 K USD,1 to 4 YRS,PA,4,38,1,0
153,above 200 USD,36,EXISTING CREDITS PAID BACK,ELECTRONICS,5848,up to 100 K USD,1 to 4 YRS,NY,1 to 2 YRS,24,1,0
154,0 to 200 USD,24,CRITICAL ACCOUNT,USED CAR,7758,above 1000 K USD,above 7 YRS,NJ,4,29,1,0
155,0 to 200 USD,24,DELAY IN PAST,RETRAINING,6967,100 to 500 K USD,4 to 7 YRS,NY,4,36,1,0
156,0 USD,12,EXISTING CREDITS PAID BACK,FURNITURE,1282,up to 100 K USD,1 to 4 YRS,NJ,4,20,1,1
157,0 USD,9,CRITICAL ACCOUNT,OTHER,1288,100 to 500 K USD,above 7 YRS,CT,4,48,2,0
158,0 USD,12,ALL CREDITS PAID BACK,OTHER,339,up to 100 K USD,above 7 YRS,NY,1 to 2 YRS,45,1,0
159,0 to 200 USD,24,EXISTING CREDITS PAID BACK,NEW CAR,3512,100 to 500 K USD,4 to 7 YRS,NJ,above 4 YRS,38,2,0
160,NONE,6,CRITICAL ACCOUNT,ELECTRONICS,1898,UNKNOWN/NONE,1 to 4 YRS,PA,2 to 3 YRS,34,2,0
161,NONE,24,CRITICAL ACCOUNT,ELECTRONICS,2872,100 to 500 K USD,above 7 YRS,CT,4,36,1,0
162,NONE,18,CRITICAL ACCOUNT,NEW CAR,1055,up to 100 K USD,up to 1 YR,NY,1 to 2 YRS,30,2,0
163,NONE,15,EXISTING CREDITS PAID BACK,OTHER,1262,500 to 1000 K USD,4 to 7 YRS,NY,above 4 YRS,36,2,0
164,0 to 200 USD,10,EXISTING CREDITS PAID BACK,NEW CAR,7308,up to 100 K USD,TBD,NJ,4,70,1,0
165,NONE,36,EXISTING CREDITS PAID BACK,NEW CAR,909,500 to 1000 K USD,above 7 YRS,NY,4,36,1,0
166,NONE,6,EXISTING CREDITS PAID BACK,FURNITURE,2978,500 to 1000 K USD,1 to 4 YRS,PA,2 to 3 YRS,32,1,0
167,0 USD,18,EXISTING CREDITS PAID BACK,FURNITURE,1131,up to 100 K USD,TBD,NY,2 to 3 YRS,33,1,1
168,0 to 200 USD,11,EXISTING CREDITS PAID BACK,FURNITURE,1577,above 1000 K USD,up to 1 YR,NY,1 to 2 YRS,20,1,0
169,NONE,24,EXISTING CREDITS PAID BACK,FURNITURE,3972,up to 100 K USD,4 to 7 YRS,NJ,4,25,1,0
170,0 to 200 USD,24,CRITICAL ACCOUNT,RETRAINING,1935,up to 100 K USD,above 7 YRS,NY,4,31,2,1
171,0 USD,15,NONE TAKEN,NEW CAR,950,up to 100 K USD,above 7 YRS,NY,above 4 YRS,33,2,1
172,NONE,12,EXISTING CREDITS PAID BACK,FURNITURE,763,up to 100 K USD,1 to 4 YRS,NY,1 to 2 YRS,26,1,0
173,0 to 200 USD,24,DELAY IN PAST,FURNITURE,2064,up to 100 K USD,TBD,CT,2 to 3 YRS,34,1,1
174,0 to 200 USD,8,EXISTING CREDITS PAID BACK,ELECTRONICS,1414,up to 100 K USD,1 to 4 YRS,NY,2 to 3 YRS,33,1,0
175,0 USD,21,DELAY IN PAST,EDUCATION,3414,up to 100 K USD,up to 1 YR,NJ,1 to 2 YRS,26,2,1
176,NONE,30,ALL CREDITS PAID BACK,USED CAR,7485,UNKNOWN/NONE,TBD,NY,1 to 2 YRS,53,1,1
177,0 USD,12,EXISTING CREDITS PAID BACK,FURNITURE,2577,up to 100 K USD,1 to 4 YRS,NJ,1 to 2 YRS,42,1,0
178,0 USD,6,CRITICAL ACCOUNT,ELECTRONICS,338,500 to 1000 K USD,above 7 YRS,NY,4,52,2,0
179,NONE,12,EXISTING CREDITS PAID BACK,ELECTRONICS,1963,up to 100 K USD,4 to 7 YRS,NY,2 to 3 YRS,31,2,0
180,0 USD,21,CRITICAL ACCOUNT,NEW CAR,571,up to 100 K USD,above 7 YRS,NY,4,65,2,0
181,NONE,36,DELAY IN PAST,RETRAINING,9572,up to 100 K USD,up to 1 YR,PA,1 to 2 YRS,28,2,1
182,0 to 200 USD,36,DELAY IN PAST,RETRAINING,4455,up to 100 K USD,1 to 4 YRS,NJ,2 to 3 YRS,30,2,1
183,0 USD,21,ALL CREDITS PAID BACK,NEW CAR,1647,UNKNOWN/NONE,1 to 4 YRS,NY,2 to 3 YRS,40,2,1
184,NONE,24,CRITICAL ACCOUNT,FURNITURE,3777,above 1000 K USD,1 to 4 YRS,NY,4,50,1,0
185,0 to 200 USD,18,CRITICAL ACCOUNT,NEW CAR,884,up to 100 K USD,above 7 YRS,NY,4,36,1,1
186,NONE,15,CRITICAL ACCOUNT,ELECTRONICS,1360,up to 100 K USD,1 to 4 YRS,NY,2 to 3 YRS,31,2,0
187,0 to 200 USD,9,ALL CREDITS PAID BACK,USED CAR,5129,up to 100 K USD,above 7 YRS,NJ,4,74,1,1
188,0 to 200 USD,16,CRITICAL ACCOUNT,NEW CAR,1175,up to 100 K USD,TBD,NJ,above 4 YRS,68,3,0
189,0 USD,12,EXISTING CREDITS PAID BACK,ELECTRONICS,674,100 to 500 K USD,4 to 7 YRS,NY,1 to 2 YRS,20,1,1
190,0 to 200 USD,18,NONE TAKEN,FURNITURE,3244,up to 100 K USD,1 to 4 YRS,PA,4,33,2,0
191,NONE,24,EXISTING CREDITS PAID BACK,RETRAINING,4591,above 1000 K USD,1 to 4 YRS,NJ,above 4 YRS,54,3,1
192,0 to 200 USD,48,NONE TAKEN,RETRAINING,3844,100 to 500 K USD,4 to 7 YRS,NY,4,34,1,1
193,0 to 200 USD,27,EXISTING CREDITS PAID BACK,RETRAINING,3915,up to 100 K USD,1 to 4 YRS,NY,2 to 3 YRS,36,1,1
194,NONE,6,EXISTING CREDITS PAID BACK,ELECTRONICS,2108,up to 100 K USD,4 to 7 YRS,NJ,2 to 3 YRS,29,1,0
195,0 to 200 USD,45,EXISTING CREDITS PAID BACK,ELECTRONICS,3031,100 to 500 K USD,1 to 4 YRS,NY,4,21,1,1
196,0 to 200 USD,9,CRITICAL ACCOUNT,EDUCATION,1501,up to 100 K USD,above 7 YRS,NJ,above 4 YRS,34,2,1
197,NONE,6,CRITICAL ACCOUNT,ELECTRONICS,1382,up to 100 K USD,1 to 4 YRS,PA,1 to 2 YRS,28,2,0
198,0 to 200 USD,12,EXISTING CREDITS PAID BACK,FURNITURE,951,100 to 500 K USD,up to 1 YR,NY,4,27,4,1
199,0 to 200 USD,24,EXISTING CREDITS PAID BACK,USED CAR,2760,UNKNOWN/NONE,above 7 YRS,NY,4,36,1,0
200,0 to 200 USD,18,DELAY IN PAST,FURNITURE,4297,up to 100 K USD,above 7 YRS,NY,above 4 YRS,40,1,1
201,NONE,9,CRITICAL ACCOUNT,EDUCATION,936,500 to 1000 K USD,above 7 YRS,NY,2 to 3 YRS,52,2,0
202,0 USD,12,EXISTING CREDITS PAID BACK,NEW CAR,1168,up to 100 K USD,1 to 4 YRS,NY,above 4 YRS,27,1,0
203,NONE,27,DELAY IN PAST,RETRAINING,5117,up to 100 K USD,4 to 7 YRS,CT,4,26,2,0
204,0 USD,12,EXISTING CREDITS PAID BACK,OTHER,902,up to 100 K USD,4 to 7 YRS,NY,4,21,1,1
205,NONE,12,CRITICAL ACCOUNT,NEW CAR,1495,up to 100 K USD,above 7 YRS,NY,1 to 2 YRS,38,2,0
206,0 USD,30,CRITICAL ACCOUNT,USED CAR,10623,up to 100 K USD,above 7 YRS,CT,4,38,3,0
207,NONE,12,CRITICAL ACCOUNT,FURNITURE,1935,up to 100 K USD,above 7 YRS,NY,4,43,3,0
208,0 to 200 USD,12,CRITICAL ACCOUNT,OTHER,1424,up to 100 K USD,4 to 7 YRS,NY,above 4 YRS,26,1,0
209,0 USD,24,EXISTING CREDITS PAID BACK,RETRAINING,6568,up to 100 K USD,1 to 4 YRS,NJ,2 to 3 YRS,21,1,0
210,NONE,12,EXISTING CREDITS PAID BACK,USED CAR,1413,above 1000 K USD,4 to 7 YRS,CT,2 to 3 YRS,55,1,0
211,NONE,9,CRITICAL ACCOUNT,ELECTRONICS,3074,UNKNOWN/NONE,1 to 4 YRS,PA,2 to 3 YRS,33,2,0
212,NONE,36,EXISTING CREDITS PAID BACK,ELECTRONICS,3835,UNKNOWN/NONE,above 7 YRS,NJ,4,45,1,0
213,0 USD,27,NONE TAKEN,RETRAINING,5293,up to 100 K USD,TBD,NJ,4,50,2,1
214,above 200 USD,30,DELAY IN PAST,RETRAINING,1908,up to 100 K USD,above 7 YRS,NY,4,66,1,1
215,NONE,36,CRITICAL ACCOUNT,ELECTRONICS,3342,UNKNOWN/NONE,above 7 YRS,NY,2 to 3 YRS,51,1,0
216,0 to 200 USD,6,CRITICAL ACCOUNT,OTHER,932,UNKNOWN/NONE,4 to 7 YRS,PA,above 4 YRS,39,2,0
217,0 USD,18,NONE TAKEN,RETRAINING,3104,up to 100 K USD,4 to 7 YRS,CT,1 to 2 YRS,31,1,0
218,above 200 USD,36,EXISTING CREDITS PAID BACK,ELECTRONICS,3913,up to 100 K USD,1 to 4 YRS,NJ,2 to 3 YRS,23,1,0
219,0 USD,24,EXISTING CREDITS PAID BACK,FURNITURE,3021,up to 100 K USD,1 to 4 YRS,NJ,2 to 3 YRS,24,1,0
220,NONE,10,EXISTING CREDITS PAID BACK,NEW CAR,1364,up to 100 K USD,1 to 4 YRS,NJ,4,64,1,0
221,0 to 200 USD,12,EXISTING CREDITS PAID BACK,ELECTRONICS,625,up to 100 K USD,up to 1 YR,NY,1 to 2 YRS,26,1,0
222,0 USD,12,EXISTING CREDITS PAID BACK,EDUCATION,1200,UNKNOWN/NONE,1 to 4 YRS,NY,4,23,1,0
223,NONE,12,EXISTING CREDITS PAID BACK,ELECTRONICS,707,up to 100 K USD,1 to 4 YRS,NY,2 to 3 YRS,30,2,0
224,NONE,24,DELAY IN PAST,RETRAINING,2978,UNKNOWN/NONE,1 to 4 YRS,NY,4,32,2,0
225,NONE,15,EXISTING CREDITS PAID BACK,USED CAR,4657,up to 100 K USD,1 to 4 YRS,CT,2 to 3 YRS,30,1,0
226,NONE,36,NONE TAKEN,OTHER,2613,up to 100 K USD,1 to 4 YRS,NY,2 to 3 YRS,27,2,0
227,0 to 200 USD,48,EXISTING CREDITS PAID BACK,ELECTRONICS,10961,above 1000 K USD,4 to 7 YRS,PA,2 to 3 YRS,27,2,1
228,0 USD,12,EXISTING CREDITS PAID BACK,FURNITURE,7865,up to 100 K USD,above 7 YRS,NY,4,53,1,1
229,NONE,9,EXISTING CREDITS PAID BACK,ELECTRONICS,1478,up to 100 K USD,4 to 7 YRS,NY,2 to 3 YRS,22,1,1
230,0 USD,24,EXISTING CREDITS PAID BACK,FURNITURE,3149,up to 100 K USD,up to 1 YR,NY,1 to 2 YRS,22,1,0
231,above 200 USD,36,EXISTING CREDITS PAID BACK,ELECTRONICS,4210,up to 100 K USD,1 to 4 YRS,NY,2 to 3 YRS,26,1,1
232,NONE,9,EXISTING CREDITS PAID BACK,NEW CAR,2507,500 to 1000 K USD,above 7 YRS,NJ,4,51,1,0
233,NONE,12,EXISTING CREDITS PAID BACK,ELECTRONICS,2141,100 to 500 K USD,4 to 7 YRS,CT,1 to 2 YRS,35,1,0
234,0 to 200 USD,18,EXISTING CREDITS PAID BACK,ELECTRONICS,866,up to 100 K USD,1 to 4 YRS,NY,2 to 3 YRS,25,1,0
235,NONE,4,CRITICAL ACCOUNT,ELECTRONICS,1544,up to 100 K USD,4 to 7 YRS,NJ,1 to 2 YRS,42,3,0
236,0 USD,24,EXISTING CREDITS PAID BACK,ELECTRONICS,1823,up to 100 K USD,TBD,NY,2 to 3 YRS,30,1,1
237,0 to 200 USD,6,EXISTING CREDITS PAID BACK,NEW CAR,14555,UNKNOWN/NONE,TBD,PA,2 to 3 YRS,23,1,1
238,0 to 200 USD,21,EXISTING CREDITS PAID BACK,RETRAINING,2767,100 to 500 K USD,above 7 YRS,NY,2 to 3 YRS,61,2,1
239,NONE,12,CRITICAL ACCOUNT,ELECTRONICS,1291,up to 100 K USD,1 to 4 YRS,NY,2 to 3 YRS,35,2,0
240,0 USD,30,EXISTING CREDITS PAID BACK,ELECTRONICS,2522,up to 100 K USD,above 7 YRS,PA,above 4 YRS,39,1,0
241,0 USD,24,EXISTING CREDITS PAID BACK,NEW CAR,915,UNKNOWN/NONE,above 7 YRS,NY,2 to 3 YRS,29,1,1
242,NONE,6,EXISTING CREDITS PAID BACK,ELECTRONICS,1595,up to 100 K USD,4 to 7 YRS,CT,2 to 3 YRS,51,1,0
243,0 USD,48,NONE TAKEN,USED CAR,4605,up to 100 K USD,above 7 YRS,CT,4,24,2,1
244,NONE,12,CRITICAL ACCOUNT,RETRAINING,1185,up to 100 K USD,1 to 4 YRS,CT,2 to 3 YRS,27,2,0
245,NONE,12,ALL CREDITS PAID BACK,OTHER,3447,500 to 1000 K USD,1 to 4 YRS,NY,above 4 YRS,35,1,0
246,NONE,24,EXISTING CREDITS PAID BACK,RETRAINING,1258,up to 100 K USD,4 to 7 YRS,NY,1 to 2 YRS,25,1,0
247,NONE,12,CRITICAL ACCOUNT,ELECTRONICS,717,up to 100 K USD,above 7 YRS,NY,4,52,3,0
248,NONE,6,NONE TAKEN,NEW CAR,1204,100 to 500 K USD,1 to 4 YRS,NY,1 to 2 YRS,35,1,0
249,above 200 USD,24,EXISTING CREDITS PAID BACK,FURNITURE,1925,up to 100 K USD,1 to 4 YRS,NJ,2 to 3 YRS,26,1,0
250,NONE,18,EXISTING CREDITS PAID BACK,ELECTRONICS,433,up to 100 K USD,TBD,CT,4,22,1,1
251,0 USD,6,CRITICAL ACCOUNT,NEW CAR,666,above 1000 K USD,4 to 7 YRS,CT,4,39,2,0
252,above 200 USD,12,EXISTING CREDITS PAID BACK,FURNITURE,2251,up to 100 K USD,1 to 4 YRS,PA,2 to 3 YRS,46,1,0
253,0 to 200 USD,30,EXISTING CREDITS PAID BACK,NEW CAR,2150,up to 100 K USD,1 to 4 YRS,NY,2 to 3 YRS,24,1,1
254,NONE,24,DELAY IN PAST,FURNITURE,4151,100 to 500 K USD,1 to 4 YRS,NJ,above 4 YRS,35,2,0
255,0 to 200 USD,9,EXISTING CREDITS PAID BACK,FURNITURE,2030,UNKNOWN/NONE,4 to 7 YRS,NJ,1 to 2 YRS,24,1,0
256,0 to 200 USD,60,DELAY IN PAST,ELECTRONICS,7418,UNKNOWN/NONE,1 to 4 YRS,PA,1 to 2 YRS,27,1,0
257,NONE,24,CRITICAL ACCOUNT,ELECTRONICS,2684,up to 100 K USD,1 to 4 YRS,NY,2 to 3 YRS,35,2,0
258,0 USD,12,ALL CREDITS PAID BACK,ELECTRONICS,2149,up to 100 K USD,1 to 4 YRS,NY,1 to 2 YRS,29,1,1
259,NONE,15,EXISTING CREDITS PAID BACK,USED CAR,3812,100 to 500 K USD,up to 1 YR,PA,4,23,1,0
260,NONE,11,CRITICAL ACCOUNT,ELECTRONICS,1154,100 to 500 K USD,TBD,NY,4,57,3,0
261,0 USD,12,EXISTING CREDITS PAID BACK,FURNITURE,1657,up to 100 K USD,1 to 4 YRS,NJ,2 to 3 YRS,27,1,0
262,0 USD,24,EXISTING CREDITS PAID BACK,ELECTRONICS,1603,up to 100 K USD,above 7 YRS,NY,4,55,1,0
263,0 USD,18,CRITICAL ACCOUNT,NEW CAR,5302,up to 100 K USD,above 7 YRS,NJ,4,36,3,0
264,NONE,12,CRITICAL ACCOUNT,EDUCATION,2748,up to 100 K USD,above 7 YRS,NJ,4,57,3,0
265,NONE,10,CRITICAL ACCOUNT,NEW CAR,1231,up to 100 K USD,above 7 YRS,CT,4,32,2,0
266,0 to 200 USD,15,EXISTING CREDITS PAID BACK,ELECTRONICS,802,up to 100 K USD,above 7 YRS,NY,above 4 YRS,37,1,1
267,NONE,36,CRITICAL ACCOUNT,RETRAINING,6304,UNKNOWN/NONE,above 7 YRS,NY,4,36,2,0
268,NONE,24,EXISTING CREDITS PAID BACK,ELECTRONICS,1533,up to 100 K USD,up to 1 YR,NY,above 4 YRS,38,1,0
269,0 USD,14,EXISTING CREDITS PAID BACK,NEW CAR,8978,up to 100 K USD,above 7 YRS,PA,4,45,1,1
270,NONE,24,EXISTING CREDITS PAID BACK,ELECTRONICS,999,UNKNOWN/NONE,above 7 YRS,NY,2 to 3 YRS,25,2,0
271,NONE,18,EXISTING CREDITS PAID BACK,NEW CAR,2662,UNKNOWN/NONE,4 to 7 YRS,NY,above 4 YRS,32,1,0
272,NONE,12,CRITICAL ACCOUNT,FURNITURE,1402,500 to 1000 K USD,4 to 7 YRS,CT,4,37,1,0
273,0 to 200 USD,48,ALL CREDITS PAID BACK,NEW CAR,12169,UNKNOWN/NONE,TBD,NY,4,36,1,0
274,0 to 200 USD,48,EXISTING CREDITS PAID BACK,ELECTRONICS,3060,up to 100 K USD,4 to 7 YRS,NY,4,28,2,1
275,0 USD,30,EXISTING CREDITS PAID BACK,OTHER,11998,up to 100 K USD,up to 1 YR,PA,1 to 2 YRS,34,1,1
276,NONE,9,EXISTING CREDITS PAID BACK,ELECTRONICS,2697,up to 100 K USD,1 to 4 YRS,PA,2 to 3 YRS,32,1,0
277,NONE,18,CRITICAL ACCOUNT,ELECTRONICS,2404,up to 100 K USD,1 to 4 YRS,NJ,2 to 3 YRS,26,2,0
278,0 USD,12,EXISTING CREDITS PAID BACK,FURNITURE,1262,UNKNOWN/NONE,above 7 YRS,NJ,4,49,1,0
279,NONE,6,EXISTING CREDITS PAID BACK,FURNITURE,4611,up to 100 K USD,up to 1 YR,PA,4,32,1,1
280,NONE,24,EXISTING CREDITS PAID BACK,ELECTRONICS,1901,100 to 500 K USD,1 to 4 YRS,NY,4,29,1,0
281,NONE,15,CRITICAL ACCOUNT,USED CAR,3368,above 1000 K USD,above 7 YRS,CT,4,23,2,0
282,NONE,12,EXISTING CREDITS PAID BACK,FURNITURE,1574,up to 100 K USD,1 to 4 YRS,NY,2 to 3 YRS,50,1,0
283,above 200 USD,18,ALL CREDITS PAID BACK,ELECTRONICS,1445,UNKNOWN/NONE,4 to 7 YRS,NY,4,49,1,0
284,NONE,15,CRITICAL ACCOUNT,FURNITURE,1520,UNKNOWN/NONE,above 7 YRS,NY,4,63,1,0
285,0 to 200 USD,24,CRITICAL ACCOUNT,NEW CAR,3878,100 to 500 K USD,up to 1 YR,NY,2 to 3 YRS,37,1,0
286,0 USD,47,EXISTING CREDITS PAID BACK,NEW CAR,10722,up to 100 K USD,up to 1 YR,PA,1 to 2 YRS,35,1,0
287,0 USD,48,EXISTING CREDITS PAID BACK,USED CAR,4788,up to 100 K USD,4 to 7 YRS,NY,above 4 YRS,26,1,0
288,0 to 200 USD,48,DELAY IN PAST,OTHER,7582,100 to 500 K USD,TBD,NJ,4,31,1,0
289,0 to 200 USD,12,EXISTING CREDITS PAID BACK,ELECTRONICS,1092,up to 100 K USD,1 to 4 YRS,NY,4,49,2,0
290,0 USD,24,DELAY IN PAST,ELECTRONICS,1024,up to 100 K USD,up to 1 YR,NY,4,48,1,1
291,NONE,12,EXISTING CREDITS PAID BACK,RETRAINING,1076,up to 100 K USD,1 to 4 YRS,NJ,2 to 3 YRS,26,1,0
292,0 to 200 USD,36,EXISTING CREDITS PAID BACK,USED CAR,9398,up to 100 K USD,up to 1 YR,PA,4,28,1,1
293,0 USD,24,CRITICAL ACCOUNT,USED CAR,6419,up to 100 K USD,above 7 YRS,NJ,4,44,2,0
294,above 200 USD,42,CRITICAL ACCOUNT,USED CAR,4796,up to 100 K USD,above 7 YRS,NY,4,56,1,0
295,NONE,48,CRITICAL ACCOUNT,RETRAINING,7629,UNKNOWN/NONE,above 7 YRS,NY,2 to 3 YRS,46,2,0
296,0 to 200 USD,48,EXISTING CREDITS PAID BACK,FURNITURE,9960,up to 100 K USD,up to 1 YR,PA,2 to 3 YRS,26,1,1
297,NONE,12,EXISTING CREDITS PAID BACK,USED CAR,4675,UNKNOWN/NONE,up to 1 YR,PA,4,20,1,0
298,NONE,10,EXISTING CREDITS PAID BACK,NEW CAR,1287,UNKNOWN/NONE,above 7 YRS,NY,2 to 3 YRS,45,1,0
299,NONE,18,EXISTING CREDITS PAID BACK,FURNITURE,2515,up to 100 K USD,1 to 4 YRS,CT,4,43,1,0
300,0 to 200 USD,21,CRITICAL ACCOUNT,FURNITURE,2745,above 1000 K USD,4 to 7 YRS,CT,2 to 3 YRS,32,2,0
301,NONE,6,EXISTING CREDITS PAID BACK,NEW CAR,672,up to 100 K USD,TBD,PA,4,54,1,0
302,0 to 200 USD,36,NONE TAKEN,ELECTRONICS,3804,up to 100 K USD,1 to 4 YRS,NY,1 to 2 YRS,42,1,1
303,above 200 USD,24,CRITICAL ACCOUNT,NEW CAR,1344,UNKNOWN/NONE,4 to 7 YRS,NY,2 to 3 YRS,37,2,1
304,0 USD,10,CRITICAL ACCOUNT,NEW CAR,1038,up to 100 K USD,4 to 7 YRS,NY,above 4 YRS,49,2,0
305,NONE,48,CRITICAL ACCOUNT,NEW CAR,10127,500 to 1000 K USD,1 to 4 YRS,NJ,2 to 3 YRS,44,1,1
306,NONE,6,EXISTING CREDITS PAID BACK,FURNITURE,1543,above 1000 K USD,1 to 4 YRS,NY,2 to 3 YRS,33,1,0
307,NONE,30,EXISTING CREDITS PAID BACK,USED CAR,4811,UNKNOWN/NONE,4 to 7 YRS,NJ,4,24,1,0
308,0 USD,12,EXISTING CREDITS PAID BACK,ELECTRONICS,727,100 to 500 K USD,up to 1 YR,NY,above 4 YRS,33,1,1
309,0 to 200 USD,8,EXISTING CREDITS PAID BACK,FURNITURE,1237,up to 100 K USD,1 to 4 YRS,CT,4,24,1,1
310,0 to 200 USD,9,EXISTING CREDITS PAID BACK,NEW CAR,276,up to 100 K USD,1 to 4 YRS,NY,4,22,1,0
311,0 to 200 USD,48,EXISTING CREDITS PAID BACK,OTHER,5381,UNKNOWN/NONE,TBD,CT,4,40,1,0
312,NONE,24,EXISTING CREDITS PAID BACK,FURNITURE,5511,100 to 500 K USD,1 to 4 YRS,NY,1 to 2 YRS,25,1,0
313,above 200 USD,24,EXISTING CREDITS PAID BACK,FURNITURE,3749,up to 100 K USD,up to 1 YR,NJ,4,26,1,0
314,0 to 200 USD,12,EXISTING CREDITS PAID BACK,NEW CAR,685,up to 100 K USD,4 to 7 YRS,NJ,above 4 YRS,25,1,1
315,above 200 USD,4,EXISTING CREDITS PAID BACK,NEW CAR,1494,UNKNOWN/NONE,up to 1 YR,PA,2 to 3 YRS,29,1,0
316,0 USD,36,ALL CREDITS PAID BACK,FURNITURE,2746,up to 100 K USD,above 7 YRS,NY,4,31,1,1
317,0 USD,12,EXISTING CREDITS PAID BACK,FURNITURE,708,up to 100 K USD,1 to 4 YRS,NJ,above 4 YRS,38,1,0
318,0 to 200 USD,24,EXISTING CREDITS PAID BACK,FURNITURE,4351,UNKNOWN/NONE,1 to 4 YRS,PA,4,48,1,0
319,NONE,12,CRITICAL ACCOUNT,EDUCATION,701,up to 100 K USD,1 to 4 YRS,NY,2 to 3 YRS,32,2,0
320,0 USD,15,DELAY IN PAST,FURNITURE,3643,up to 100 K USD,above 7 YRS,PA,4,27,2,0
321,0 to 200 USD,30,CRITICAL ACCOUNT,NEW CAR,4249,up to 100 K USD,TBD,NY,2 to 3 YRS,28,2,1
322,0 USD,24,EXISTING CREDITS PAID BACK,ELECTRONICS,1938,up to 100 K USD,up to 1 YR,NY,above 4 YRS,32,1,1
323,0 USD,24,EXISTING CREDITS PAID BACK,USED CAR,2910,up to 100 K USD,4 to 7 YRS,NJ,1 to 2 YRS,34,1,0
324,0 USD,18,EXISTING CREDITS PAID BACK,FURNITURE,2659,above 1000 K USD,1 to 4 YRS,NY,2 to 3 YRS,28,1,0
325,NONE,18,CRITICAL ACCOUNT,NEW CAR,1028,up to 100 K USD,1 to 4 YRS,NY,above 4 YRS,36,2,0
326,0 USD,8,CRITICAL ACCOUNT,NEW CAR,3398,up to 100 K USD,4 to 7 YRS,PA,4,39,2,0
327,NONE,12,CRITICAL ACCOUNT,FURNITURE,5801,UNKNOWN/NONE,above 7 YRS,NJ,4,49,1,0
328,NONE,24,EXISTING CREDITS PAID BACK,NEW CAR,1525,above 1000 K USD,4 to 7 YRS,NY,above 4 YRS,34,1,0
329,above 200 USD,36,EXISTING CREDITS PAID BACK,ELECTRONICS,4473,up to 100 K USD,above 7 YRS,NY,2 to 3 YRS,31,1,0
330,0 to 200 USD,6,EXISTING CREDITS PAID BACK,ELECTRONICS,1068,up to 100 K USD,above 7 YRS,NY,4,28,1,0
331,0 USD,24,CRITICAL ACCOUNT,USED CAR,6615,up to 100 K USD,TBD,NJ,4,75,2,0
332,NONE,18,CRITICAL ACCOUNT,EDUCATION,1864,100 to 500 K USD,1 to 4 YRS,NY,2 to 3 YRS,30,2,1
333,0 to 200 USD,60,EXISTING CREDITS PAID BACK,NEW CAR,7408,100 to 500 K USD,up to 1 YR,NY,2 to 3 YRS,24,1,1
334,NONE,48,CRITICAL ACCOUNT,USED CAR,11590,100 to 500 K USD,1 to 4 YRS,NJ,4,24,2,1
335,0 USD,24,NONE TAKEN,FURNITURE,4110,up to 100 K USD,above 7 YRS,CT,4,23,2,1
336,0 USD,6,CRITICAL ACCOUNT,FURNITURE,3384,up to 100 K USD,1 to 4 YRS,PA,4,44,1,1
337,0 to 200 USD,13,EXISTING CREDITS PAID BACK,ELECTRONICS,2101,up to 100 K USD,up to 1 YR,NJ,4,23,1,0
338,0 USD,15,EXISTING CREDITS PAID BACK,OTHER,1275,UNKNOWN/NONE,1 to 4 YRS,NY,2 to 3 YRS,24,1,1
339,0 USD,24,EXISTING CREDITS PAID BACK,FURNITURE,4169,up to 100 K USD,1 to 4 YRS,NY,4,28,1,0
340,0 to 200 USD,10,EXISTING CREDITS PAID BACK,FURNITURE,1521,up to 100 K USD,1 to 4 YRS,NY,2 to 3 YRS,31,1,0
341,0 to 200 USD,24,CRITICAL ACCOUNT,EDUCATION,5743,up to 100 K USD,up to 1 YR,NJ,4,24,2,0
342,0 USD,21,EXISTING CREDITS PAID BACK,FURNITURE,3599,up to 100 K USD,4 to 7 YRS,PA,4,26,1,0
343,0 to 200 USD,18,EXISTING CREDITS PAID BACK,ELECTRONICS,3213,500 to 1000 K USD,up to 1 YR,PA,above 4 YRS,25,1,0
344,0 to 200 USD,18,EXISTING CREDITS PAID BACK,RETRAINING,4439,up to 100 K USD,above 7 YRS,PA,1 to 2 YRS,33,1,0
345,above 200 USD,10,EXISTING CREDITS PAID BACK,NEW CAR,3949,up to 100 K USD,up to 1 YR,PA,1 to 2 YRS,37,1,0
346,NONE,15,CRITICAL ACCOUNT,ELECTRONICS,1459,up to 100 K USD,1 to 4 YRS,NY,2 to 3 YRS,43,1,0
347,0 to 200 USD,13,CRITICAL ACCOUNT,ELECTRONICS,882,up to 100 K USD,up to 1 YR,NY,4,23,2,0
348,0 to 200 USD,24,EXISTING CREDITS PAID BACK,ELECTRONICS,3758,500 to 1000 K USD,TBD,PA,4,23,1,0
349,NONE,6,DELAY IN PAST,RETRAINING,1743,100 to 500 K USD,1 to 4 YRS,PA,2 to 3 YRS,34,2,0
350,0 to 200 USD,9,CRITICAL ACCOUNT,EDUCATION,1136,above 1000 K USD,above 7 YRS,NY,above 4 YRS,32,2,1
351,NONE,9,EXISTING CREDITS PAID BACK,OTHER,1236,up to 100 K USD,up to 1 YR,PA,4,23,1,0
352,0 to 200 USD,9,EXISTING CREDITS PAID BACK,FURNITURE,959,up to 100 K USD,1 to 4 YRS,PA,2 to 3 YRS,29,1,1
353,NONE,18,CRITICAL ACCOUNT,USED CAR,3229,UNKNOWN/NONE,TBD,NJ,4,38,1,0
354,0 USD,12,NONE TAKEN,ELECTRONICS,6199,up to 100 K USD,1 to 4 YRS,NY,2 to 3 YRS,28,2,1
355,NONE,10,EXISTING CREDITS PAID BACK,EDUCATION,727,500 to 1000 K USD,above 7 YRS,NY,4,46,1,0
356,0 to 200 USD,24,EXISTING CREDITS PAID BACK,NEW CAR,1246,up to 100 K USD,up to 1 YR,NY,2 to 3 YRS,23,1,1
357,NONE,12,CRITICAL ACCOUNT,ELECTRONICS,2331,UNKNOWN/NONE,above 7 YRS,PA,4,49,1,0
358,NONE,36,DELAY IN PAST,ELECTRONICS,4463,up to 100 K USD,1 to 4 YRS,NY,2 to 3 YRS,26,2,1
359,NONE,12,EXISTING CREDITS PAID BACK,ELECTRONICS,776,up to 100 K USD,1 to 4 YRS,NY,2 to 3 YRS,28,1,0
360,0 USD,30,EXISTING CREDITS PAID BACK,FURNITURE,2406,up to 100 K USD,4 to 7 YRS,NY,4,23,1,1
361,0 to 200 USD,18,EXISTING CREDITS PAID BACK,EDUCATION,1239,UNKNOWN/NONE,1 to 4 YRS,NY,4,61,1,0
362,above 200 USD,12,EXISTING CREDITS PAID BACK,ELECTRONICS,3399,UNKNOWN/NONE,above 7 YRS,NJ,above 4 YRS,37,1,0
363,above 200 USD,12,DELAY IN PAST,NEW CAR,2247,up to 100 K USD,1 to 4 YRS,NJ,2 to 3 YRS,36,2,0
364,NONE,6,EXISTING CREDITS PAID BACK,FURNITURE,1766,up to 100 K USD,1 to 4 YRS,PA,2 to 3 YRS,21,1,0
365,0 USD,18,EXISTING CREDITS PAID BACK,FURNITURE,2473,up to 100 K USD,TBD,NY,1 to 2 YRS,25,1,1
366,NONE,12,EXISTING CREDITS PAID BACK,RETRAINING,1542,up to 100 K USD,4 to 7 YRS,NJ,4,36,1,0
367,NONE,18,CRITICAL ACCOUNT,USED CAR,3850,up to 100 K USD,4 to 7 YRS,CT,1 to 2 YRS,27,2,0
368,0 USD,18,EXISTING CREDITS PAID BACK,FURNITURE,3650,up to 100 K USD,up to 1 YR,PA,4,22,1,0
369,0 USD,36,EXISTING CREDITS PAID BACK,FURNITURE,3446,up to 100 K USD,above 7 YRS,NY,2 to 3 YRS,42,1,1
370,0 to 200 USD,18,EXISTING CREDITS PAID BACK,FURNITURE,3001,up to 100 K USD,4 to 7 YRS,NJ,4,40,1,0
371,NONE,36,EXISTING CREDITS PAID BACK,NEW CAR,3079,UNKNOWN/NONE,1 to 4 YRS,NY,4,36,1,0
372,NONE,18,CRITICAL ACCOUNT,ELECTRONICS,6070,up to 100 K USD,above 7 YRS,CT,4,33,2,0
373,NONE,10,CRITICAL ACCOUNT,FURNITURE,2146,up to 100 K USD,up to 1 YR,PA,above 4 YRS,23,2,0
374,NONE,60,CRITICAL ACCOUNT,NEW CAR,13756,UNKNOWN/NONE,above 7 YRS,NJ,4,63,1,0
375,0 to 200 USD,60,ALL CREDITS PAID BACK,OTHER,14782,100 to 500 K USD,above 7 YRS,CT,4,60,2,1
376,0 USD,48,ALL CREDITS PAID BACK,RETRAINING,7685,up to 100 K USD,4 to 7 YRS,NJ,4,37,1,1
377,NONE,18,DELAY IN PAST,ELECTRONICS,2320,up to 100 K USD,TBD,NJ,above 4 YRS,34,2,0
378,NONE,7,DELAY IN PAST,ELECTRONICS,846,UNKNOWN/NONE,above 7 YRS,CT,4,36,1,0
379,0 to 200 USD,36,EXISTING CREDITS PAID BACK,NEW CAR,14318,up to 100 K USD,above 7 YRS,NY,2 to 3 YRS,57,1,1
380,NONE,6,CRITICAL ACCOUNT,NEW CAR,362,100 to 500 K USD,1 to 4 YRS,NY,4,52,2,0
381,0 USD,20,EXISTING CREDITS PAID BACK,FURNITURE,2212,UNKNOWN/NONE,4 to 7 YRS,NY,4,39,1,0
382,0 to 200 USD,18,EXISTING CREDITS PAID BACK,USED CAR,12976,up to 100 K USD,TBD,CT,4,38,1,1
383,NONE,22,EXISTING CREDITS PAID BACK,NEW CAR,1283,UNKNOWN/NONE,4 to 7 YRS,NY,4,25,1,0
384,above 200 USD,12,EXISTING CREDITS PAID BACK,NEW CAR,1330,up to 100 K USD,up to 1 YR,NY,1 to 2 YRS,26,1,0
385,NONE,30,DELAY IN PAST,RETRAINING,4272,100 to 500 K USD,1 to 4 YRS,NJ,2 to 3 YRS,26,2,0
386,NONE,18,CRITICAL ACCOUNT,ELECTRONICS,2238,up to 100 K USD,1 to 4 YRS,NJ,1 to 2 YRS,25,2,0
387,NONE,18,EXISTING CREDITS PAID BACK,ELECTRONICS,1126,UNKNOWN/NONE,up to 1 YR,NY,2 to 3 YRS,21,1,0
388,0 to 200 USD,18,CRITICAL ACCOUNT,FURNITURE,7374,up to 100 K USD,TBD,NY,4,40,2,0
389,0 to 200 USD,15,CRITICAL ACCOUNT,RETRAINING,2326,500 to 1000 K USD,1 to 4 YRS,NJ,4,27,1,0
390,NONE,9,EXISTING CREDITS PAID BACK,RETRAINING,1449,up to 100 K USD,4 to 7 YRS,CT,2 to 3 YRS,27,2,0
391,NONE,18,EXISTING CREDITS PAID BACK,NEW CAR,1820,up to 100 K USD,1 to 4 YRS,NJ,2 to 3 YRS,30,1,0
392,0 to 200 USD,12,EXISTING CREDITS PAID BACK,FURNITURE,983,above 1000 K USD,up to 1 YR,PA,4,19,1,0
393,0 USD,36,EXISTING CREDITS PAID BACK,NEW CAR,3249,up to 100 K USD,4 to 7 YRS,NJ,4,39,1,0
394,0 USD,6,CRITICAL ACCOUNT,ELECTRONICS,1957,up to 100 K USD,4 to 7 YRS,PA,4,31,1,0
395,NONE,9,CRITICAL ACCOUNT,FURNITURE,2406,up to 100 K USD,TBD,NJ,above 4 YRS,31,1,0
396,0 to 200 USD,39,DELAY IN PAST,EDUCATION,11760,100 to 500 K USD,4 to 7 YRS,NJ,above 4 YRS,32,1,0
397,0 USD,12,EXISTING CREDITS PAID BACK,FURNITURE,2578,up to 100 K USD,TBD,CT,4,55,1,0
398,0 USD,36,CRITICAL ACCOUNT,FURNITURE,2348,up to 100 K USD,1 to 4 YRS,CT,2 to 3 YRS,46,2,0
399,0 to 200 USD,12,EXISTING CREDITS PAID BACK,NEW CAR,1223,up to 100 K USD,above 7 YRS,PA,1 to 2 YRS,46,2,1
400,NONE,24,CRITICAL ACCOUNT,ELECTRONICS,1516,above 1000 K USD,1 to 4 YRS,NY,1 to 2 YRS,43,2,0
401,NONE,18,EXISTING CREDITS PAID BACK,ELECTRONICS,1473,up to 100 K USD,up to 1 YR,CT,4,39,1,0
402,0 to 200 USD,18,CRITICAL ACCOUNT,RETRAINING,1887,UNKNOWN/NONE,1 to 4 YRS,NY,4,28,2,0
403,NONE,24,DELAY IN PAST,RETRAINING,8648,up to 100 K USD,up to 1 YR,NJ,2 to 3 YRS,27,2,1
404,NONE,14,DELAY IN PAST,NEW CAR,802,up to 100 K USD,1 to 4 YRS,NY,2 to 3 YRS,27,2,0
405,0 to 200 USD,18,DELAY IN PAST,NEW CAR,2899,UNKNOWN/NONE,above 7 YRS,NY,4,43,1,0
406,0 to 200 USD,24,EXISTING CREDITS PAID BACK,ELECTRONICS,2039,up to 100 K USD,up to 1 YR,PA,1 to 2 YRS,22,1,1
407,NONE,24,CRITICAL ACCOUNT,USED CAR,2197,UNKNOWN/NONE,4 to 7 YRS,NY,4,43,2,0
408,0 USD,15,EXISTING CREDITS PAID BACK,ELECTRONICS,1053,up to 100 K USD,up to 1 YR,NY,2 to 3 YRS,27,1,0
409,NONE,24,EXISTING CREDITS PAID BACK,ELECTRONICS,3235,500 to 1000 K USD,above 7 YRS,CT,2 to 3 YRS,26,1,0
410,above 200 USD,12,CRITICAL ACCOUNT,NEW CAR,939,500 to 1000 K USD,4 to 7 YRS,NY,2 to 3 YRS,28,3,1
411,0 to 200 USD,24,EXISTING CREDITS PAID BACK,ELECTRONICS,1967,up to 100 K USD,above 7 YRS,NY,4,20,1,0
412,NONE,33,CRITICAL ACCOUNT,USED CAR,7253,up to 100 K USD,4 to 7 YRS,CT,2 to 3 YRS,35,2,0
413,NONE,12,CRITICAL ACCOUNT,RETRAINING,2292,up to 100 K USD,TBD,NY,2 to 3 YRS,42,2,1
414,NONE,10,EXISTING CREDITS PAID BACK,NEW CAR,1597,500 to 1000 K USD,1 to 4 YRS,CT,2 to 3 YRS,40,1,0
415,0 USD,24,EXISTING CREDITS PAID BACK,NEW CAR,1381,UNKNOWN/NONE,1 to 4 YRS,NY,2 to 3 YRS,35,1,1
416,NONE,36,CRITICAL ACCOUNT,USED CAR,5842,up to 100 K USD,above 7 YRS,NJ,2 to 3 YRS,35,2,0
417,0 USD,12,EXISTING CREDITS PAID BACK,NEW CAR,2579,up to 100 K USD,up to 1 YR,NY,1 to 2 YRS,33,1,1
418,0 USD,18,DELAY IN PAST,EDUCATION,8471,UNKNOWN/NONE,1 to 4 YRS,PA,2 to 3 YRS,23,2,0
419,NONE,21,EXISTING CREDITS PAID BACK,NEW CAR,2782,500 to 1000 K USD,4 to 7 YRS,PA,2 to 3 YRS,31,1,0
420,0 to 200 USD,18,EXISTING CREDITS PAID BACK,NEW CAR,1042,UNKNOWN/NONE,1 to 4 YRS,NY,2 to 3 YRS,33,1,1
421,NONE,15,EXISTING CREDITS PAID BACK,NEW CAR,3186,above 1000 K USD,4 to 7 YRS,NJ,above 4 YRS,20,1,0
422,0 to 200 USD,12,EXISTING CREDITS PAID BACK,USED CAR,2028,UNKNOWN/NONE,1 to 4 YRS,NY,2 to 3 YRS,30,1,0
423,0 to 200 USD,12,CRITICAL ACCOUNT,NEW CAR,958,up to 100 K USD,4 to 7 YRS,NJ,above 4 YRS,47,2,0
424,NONE,21,DELAY IN PAST,FURNITURE,1591,100 to 500 K USD,4 to 7 YRS,NY,above 4 YRS,34,2,0
425,0 to 200 USD,12,EXISTING CREDITS PAID BACK,FURNITURE,2762,UNKNOWN/NONE,above 7 YRS,PA,2 to 3 YRS,25,1,1
426,0 to 200 USD,18,EXISTING CREDITS PAID BACK,USED CAR,2779,up to 100 K USD,1 to 4 YRS,PA,above 4 YRS,21,1,0
427,NONE,28,CRITICAL ACCOUNT,ELECTRONICS,2743,up to 100 K USD,above 7 YRS,NY,2 to 3 YRS,29,2,0
428,NONE,18,CRITICAL ACCOUNT,ELECTRONICS,1149,above 1000 K USD,1 to 4 YRS,NY,above 4 YRS,46,2,0
429,NONE,9,EXISTING CREDITS PAID BACK,FURNITURE,1313,up to 100 K USD,above 7 YRS,PA,4,20,1,0
430,0 USD,18,CRITICAL ACCOUNT,OTHER,1190,up to 100 K USD,TBD,NJ,4,55,3,1
431,NONE,5,EXISTING CREDITS PAID BACK,RETRAINING,3448,up to 100 K USD,4 to 7 YRS,PA,4,74,1,0
432,0 to 200 USD,24,EXISTING CREDITS PAID BACK,OTHER,11328,up to 100 K USD,1 to 4 YRS,NJ,above 4 YRS,29,2,1
433,0 USD,6,CRITICAL ACCOUNT,FURNITURE,1872,up to 100 K USD,TBD,NY,4,36,3,0
434,NONE,24,CRITICAL ACCOUNT,OTHER,2058,up to 100 K USD,1 to 4 YRS,NY,2 to 3 YRS,33,2,0
435,0 USD,9,EXISTING CREDITS PAID BACK,FURNITURE,2136,up to 100 K USD,1 to 4 YRS,CT,2 to 3 YRS,25,1,0
436,0 to 200 USD,12,EXISTING CREDITS PAID BACK,ELECTRONICS,1484,UNKNOWN/NONE,1 to 4 YRS,NJ,1 to 2 YRS,25,1,1
437,NONE,6,EXISTING CREDITS PAID BACK,OTHER,660,500 to 1000 K USD,4 to 7 YRS,NJ,4,23,1,0
438,NONE,24,CRITICAL ACCOUNT,NEW CAR,1287,above 1000 K USD,above 7 YRS,NY,4,37,2,0
439,0 USD,42,CRITICAL ACCOUNT,OTHER,3394,up to 100 K USD,TBD,NY,4,65,2,0
440,above 200 USD,12,ALL CREDITS PAID BACK,RETRAINING,609,up to 100 K USD,up to 1 YR,NY,1 to 2 YRS,26,1,1
441,NONE,12,EXISTING CREDITS PAID BACK,NEW CAR,1884,up to 100 K USD,above 7 YRS,NY,4,39,1,0
442,0 USD,12,EXISTING CREDITS PAID BACK,FURNITURE,1620,up to 100 K USD,1 to 4 YRS,NJ,above 4 YRS,30,1,0
443,0 to 200 USD,20,DELAY IN PAST,OTHER,2629,up to 100 K USD,1 to 4 YRS,NJ,above 4 YRS,29,2,0
444,NONE,12,EXISTING CREDITS PAID BACK,EDUCATION,719,up to 100 K USD,above 7 YRS,NY,4,41,1,1
445,0 to 200 USD,48,CRITICAL ACCOUNT,FURNITURE,5096,up to 100 K USD,1 to 4 YRS,NJ,above 4 YRS,30,1,1
446,NONE,9,CRITICAL ACCOUNT,EDUCATION,1244,UNKNOWN/NONE,above 7 YRS,NY,4,41,2,0
447,0 USD,36,EXISTING CREDITS PAID BACK,NEW CAR,1842,up to 100 K USD,up to 1 YR,NY,4,34,1,1
448,0 to 200 USD,7,EXISTING CREDITS PAID BACK,ELECTRONICS,2576,up to 100 K USD,1 to 4 YRS,NJ,2 to 3 YRS,35,1,0
449,above 200 USD,12,EXISTING CREDITS PAID BACK,FURNITURE,1424,UNKNOWN/NONE,above 7 YRS,CT,4,55,1,0
450,0 to 200 USD,15,DELAY IN PAST,OTHER,1512,above 1000 K USD,1 to 4 YRS,CT,above 4 YRS,61,2,1
451,NONE,36,CRITICAL ACCOUNT,USED CAR,11054,UNKNOWN/NONE,1 to 4 YRS,NY,2 to 3 YRS,30,1,0
452,NONE,6,EXISTING CREDITS PAID BACK,ELECTRONICS,518,up to 100 K USD,1 to 4 YRS,CT,1 to 2 YRS,29,1,0
453,NONE,12,NONE TAKEN,FURNITURE,2759,up to 100 K USD,above 7 YRS,NJ,4,34,2,0
454,NONE,24,EXISTING CREDITS PAID BACK,USED CAR,2670,up to 100 K USD,above 7 YRS,NY,4,35,1,0
455,0 USD,24,EXISTING CREDITS PAID BACK,NEW CAR,4817,up to 100 K USD,4 to 7 YRS,NJ,above 4 YRS,31,1,1
456,NONE,24,EXISTING CREDITS PAID BACK,USED CAR,2679,up to 100 K USD,up to 1 YR,NY,1 to 2 YRS,29,1,0
457,0 USD,11,CRITICAL ACCOUNT,NEW CAR,3905,up to 100 K USD,1 to 4 YRS,NJ,2 to 3 YRS,36,2,0
458,0 USD,12,EXISTING CREDITS PAID BACK,USED CAR,3386,up to 100 K USD,above 7 YRS,CT,4,35,1,1
459,0 USD,6,EXISTING CREDITS PAID BACK,OTHER,343,up to 100 K USD,up to 1 YR,NY,1 to 2 YRS,27,1,0
460,NONE,18,EXISTING CREDITS PAID BACK,ELECTRONICS,4594,up to 100 K USD,up to 1 YR,CT,2 to 3 YRS,32,1,0
461,0 USD,36,EXISTING CREDITS PAID BACK,FURNITURE,3620,up to 100 K USD,1 to 4 YRS,PA,2 to 3 YRS,37,1,0
462,0 USD,15,EXISTING CREDITS PAID BACK,NEW CAR,1721,up to 100 K USD,up to 1 YR,NJ,above 4 YRS,36,1,0
463,0 to 200 USD,12,EXISTING CREDITS PAID BACK,FURNITURE,3017,up to 100 K USD,up to 1 YR,CT,1 to 2 YRS,34,1,0
464,0 to 200 USD,12,EXISTING CREDITS PAID BACK,OTHER,754,UNKNOWN/NONE,above 7 YRS,NY,4,38,2,0
465,NONE,18,EXISTING CREDITS PAID BACK,RETRAINING,1950,up to 100 K USD,4 to 7 YRS,NY,1 to 2 YRS,34,2,0
466,0 USD,24,EXISTING CREDITS PAID BACK,USED CAR,2924,up to 100 K USD,1 to 4 YRS,CT,4,63,1,0
467,0 USD,24,DELAY IN PAST,ELECTRONICS,1659,up to 100 K USD,up to 1 YR,NY,2 to 3 YRS,29,1,1
468,NONE,48,DELAY IN PAST,ELECTRONICS,7238,UNKNOWN/NONE,above 7 YRS,CT,above 4 YRS,32,2,0
469,NONE,33,DELAY IN PAST,RETRAINING,2764,up to 100 K USD,1 to 4 YRS,NJ,2 to 3 YRS,26,2,0
470,NONE,24,DELAY IN PAST,USED CAR,4679,up to 100 K USD,4 to 7 YRS,CT,above 4 YRS,35,2,0
471,0 to 200 USD,24,EXISTING CREDITS PAID BACK,ELECTRONICS,3092,100 to 500 K USD,up to 1 YR,CT,2 to 3 YRS,22,1,1
472,0 USD,6,EXISTING CREDITS PAID BACK,EDUCATION,448,up to 100 K USD,up to 1 YR,NY,4,23,1,1
473,0 USD,9,EXISTING CREDITS PAID BACK,NEW CAR,654,up to 100 K USD,1 to 4 YRS,NY,above 4 YRS,28,1,1
474,NONE,6,EXISTING CREDITS PAID BACK,OTHER,1238,UNKNOWN/NONE,TBD,NY,4,36,1,0
475,0 to 200 USD,18,CRITICAL ACCOUNT,ELECTRONICS,1245,up to 100 K USD,1 to 4 YRS,NY,2 to 3 YRS,33,1,1
476,0 USD,18,NONE TAKEN,FURNITURE,3114,up to 100 K USD,up to 1 YR,PA,4,26,1,1
477,NONE,39,EXISTING CREDITS PAID BACK,USED CAR,2569,500 to 1000 K USD,1 to 4 YRS,NY,4,24,1,0
478,above 200 USD,24,EXISTING CREDITS PAID BACK,ELECTRONICS,5152,up to 100 K USD,4 to 7 YRS,NY,2 to 3 YRS,25,1,0
479,0 to 200 USD,12,EXISTING CREDITS PAID BACK,RETRAINING,1037,100 to 500 K USD,4 to 7 YRS,CT,4,39,1,0
480,0 USD,15,CRITICAL ACCOUNT,FURNITURE,1478,up to 100 K USD,above 7 YRS,NY,4,44,2,0
481,0 to 200 USD,12,CRITICAL ACCOUNT,ELECTRONICS,3573,up to 100 K USD,1 to 4 YRS,PA,1 to 2 YRS,23,1,0
482,0 to 200 USD,24,EXISTING CREDITS PAID BACK,NEW CAR,1201,up to 100 K USD,up to 1 YR,NY,1 to 2 YRS,26,1,0
483,0 USD,30,EXISTING CREDITS PAID BACK,FURNITURE,3622,above 1000 K USD,above 7 YRS,NY,4,57,2,0
484,NONE,15,DELAY IN PAST,FURNITURE,960,above 1000 K USD,4 to 7 YRS,CT,2 to 3 YRS,30,2,0
485,NONE,12,CRITICAL ACCOUNT,NEW CAR,1163,500 to 1000 K USD,1 to 4 YRS,NY,4,44,1,0
486,0 to 200 USD,6,DELAY IN PAST,NEW CAR,1209,up to 100 K USD,TBD,NY,4,47,1,1
487,NONE,12,EXISTING CREDITS PAID BACK,ELECTRONICS,3077,up to 100 K USD,1 to 4 YRS,NJ,4,52,1,0
488,NONE,24,EXISTING CREDITS PAID BACK,NEW CAR,3757,up to 100 K USD,above 7 YRS,NY,4,62,1,0
489,NONE,10,EXISTING CREDITS PAID BACK,NEW CAR,1418,100 to 500 K USD,1 to 4 YRS,CT,2 to 3 YRS,35,1,0
490,NONE,6,EXISTING CREDITS PAID BACK,NEW CAR,3518,up to 100 K USD,1 to 4 YRS,NJ,above 4 YRS,26,1,0
491,NONE,12,CRITICAL ACCOUNT,ELECTRONICS,1934,up to 100 K USD,above 7 YRS,NJ,2 to 3 YRS,26,2,0
492,0 to 200 USD,27,NONE TAKEN,RETRAINING,8318,up to 100 K USD,above 7 YRS,NJ,4,42,2,1
493,NONE,6,CRITICAL ACCOUNT,ELECTRONICS,1237,100 to 500 K USD,1 to 4 YRS,PA,1 to 2 YRS,27,2,0
494,0 to 200 USD,6,EXISTING CREDITS PAID BACK,ELECTRONICS,368,UNKNOWN/NONE,above 7 YRS,NY,4,38,1,0
495,0 USD,12,CRITICAL ACCOUNT,NEW CAR,2122,up to 100 K USD,1 to 4 YRS,CT,2 to 3 YRS,39,2,0
496,0 USD,24,EXISTING CREDITS PAID BACK,FURNITURE,2996,UNKNOWN/NONE,1 to 4 YRS,NJ,4,20,1,1
497,0 to 200 USD,36,EXISTING CREDITS PAID BACK,FURNITURE,9034,100 to 500 K USD,up to 1 YR,NY,1 to 2 YRS,29,1,1
498,NONE,24,CRITICAL ACCOUNT,FURNITURE,1585,up to 100 K USD,4 to 7 YRS,NY,above 4 YRS,40,2,0
499,0 to 200 USD,18,EXISTING CREDITS PAID BACK,ELECTRONICS,1301,up to 100 K USD,above 7 YRS,NY,2 to 3 YRS,32,1,0
500,above 200 USD,6,CRITICAL ACCOUNT,NEW CAR,1323,100 to 500 K USD,above 7 YRS,NJ,4,28,2,0
501,0 USD,24,EXISTING CREDITS PAID BACK,NEW CAR,3123,up to 100 K USD,up to 1 YR,NY,1 to 2 YRS,27,1,1
502,0 USD,36,EXISTING CREDITS PAID BACK,USED CAR,5493,up to 100 K USD,above 7 YRS,NJ,4,42,1,0
503,above 200 USD,9,EXISTING CREDITS PAID BACK,ELECTRONICS,1126,100 to 500 K USD,above 7 YRS,NJ,4,49,1,0
504,0 to 200 USD,24,CRITICAL ACCOUNT,ELECTRONICS,1216,100 to 500 K USD,up to 1 YR,NY,4,38,2,1
505,0 USD,24,EXISTING CREDITS PAID BACK,NEW CAR,1207,up to 100 K USD,up to 1 YR,NY,4,24,1,1
506,NONE,10,EXISTING CREDITS PAID BACK,NEW CAR,1309,UNKNOWN/NONE,1 to 4 YRS,NY,4,27,1,1
507,above 200 USD,15,CRITICAL ACCOUNT,USED CAR,2360,500 to 1000 K USD,1 to 4 YRS,NJ,2 to 3 YRS,36,1,0
508,0 to 200 USD,15,ALL CREDITS PAID BACK,NEW CAR,6850,100 to 500 K USD,TBD,PA,2 to 3 YRS,34,1,1
509,NONE,24,EXISTING CREDITS PAID BACK,ELECTRONICS,1413,up to 100 K USD,1 to 4 YRS,NY,2 to 3 YRS,28,1,0
510,NONE,39,EXISTING CREDITS PAID BACK,USED CAR,8588,100 to 500 K USD,above 7 YRS,NY,2 to 3 YRS,45,1,0
511,0 USD,12,EXISTING CREDITS PAID BACK,NEW CAR,759,up to 100 K USD,4 to 7 YRS,NY,2 to 3 YRS,26,1,1
512,NONE,36,EXISTING CREDITS PAID BACK,USED CAR,4686,up to 100 K USD,1 to 4 YRS,NJ,2 to 3 YRS,32,1,0
513,above 200 USD,15,EXISTING CREDITS PAID BACK,RETRAINING,2687,up to 100 K USD,4 to 7 YRS,NJ,4,26,1,0
514,0 to 200 USD,12,DELAY IN PAST,ELECTRONICS,585,up to 100 K USD,1 to 4 YRS,NY,4,20,2,0
515,NONE,24,EXISTING CREDITS PAID BACK,NEW CAR,2255,UNKNOWN/NONE,up to 1 YR,NY,1 to 2 YRS,54,1,0
516,0 USD,6,CRITICAL ACCOUNT,NEW CAR,609,up to 100 K USD,4 to 7 YRS,NY,above 4 YRS,37,2,0
517,0 USD,6,CRITICAL ACCOUNT,NEW CAR,1361,up to 100 K USD,up to 1 YR,NJ,4,40,1,0
518,NONE,36,CRITICAL ACCOUNT,FURNITURE,7127,up to 100 K USD,up to 1 YR,NJ,4,23,2,1
519,0 USD,6,EXISTING CREDITS PAID BACK,NEW CAR,1203,100 to 500 K USD,above 7 YRS,CT,2 to 3 YRS,43,1,0
520,NONE,6,CRITICAL ACCOUNT,ELECTRONICS,700,UNKNOWN/NONE,above 7 YRS,NY,4,36,2,0
521,NONE,24,CRITICAL ACCOUNT,OTHER,5507,up to 100 K USD,above 7 YRS,CT,4,44,2,0
522,0 USD,18,EXISTING CREDITS PAID BACK,ELECTRONICS,3190,up to 100 K USD,1 to 4 YRS,NJ,2 to 3 YRS,24,1,1
523,0 USD,48,NONE TAKEN,FURNITURE,7119,up to 100 K USD,1 to 4 YRS,CT,4,53,2,1
524,NONE,24,EXISTING CREDITS PAID BACK,USED CAR,3488,100 to 500 K USD,4 to 7 YRS,CT,4,23,1,0
525,0 to 200 USD,18,EXISTING CREDITS PAID BACK,ELECTRONICS,1113,up to 100 K USD,1 to 4 YRS,NY,4,26,1,0
526,0 to 200 USD,26,EXISTING CREDITS PAID BACK,USED CAR,7966,up to 100 K USD,up to 1 YR,NJ,above 4 YRS,30,2,0
527,NONE,15,CRITICAL ACCOUNT,EDUCATION,1532,100 to 500 K USD,1 to 4 YRS,NY,above 4 YRS,31,1,0
528,NONE,4,CRITICAL ACCOUNT,ELECTRONICS,1503,up to 100 K USD,4 to 7 YRS,NJ,1 to 2 YRS,42,2,0
529,0 USD,36,EXISTING CREDITS PAID BACK,ELECTRONICS,2302,up to 100 K USD,1 to 4 YRS,NY,4,31,1,1
530,0 USD,6,EXISTING CREDITS PAID BACK,NEW CAR,662,up to 100 K USD,up to 1 YR,CT,4,41,1,0
531,0 to 200 USD,36,EXISTING CREDITS PAID BACK,EDUCATION,2273,up to 100 K USD,4 to 7 YRS,CT,1 to 2 YRS,32,2,0
532,0 to 200 USD,15,EXISTING CREDITS PAID BACK,NEW CAR,2631,100 to 500 K USD,1 to 4 YRS,NJ,4,28,2,1
533,NONE,12,DELAY IN PAST,USED CAR,1503,up to 100 K USD,1 to 4 YRS,NY,4,41,1,0
534,NONE,24,EXISTING CREDITS PAID BACK,ELECTRONICS,1311,100 to 500 K USD,4 to 7 YRS,NY,above 4 YRS,26,1,0
535,NONE,24,EXISTING CREDITS PAID BACK,ELECTRONICS,3105,UNKNOWN/NONE,up to 1 YR,NY,2 to 3 YRS,25,2,0
536,above 200 USD,21,CRITICAL ACCOUNT,EDUCATION,2319,up to 100 K USD,up to 1 YR,NJ,1 to 2 YRS,33,1,1
537,0 USD,6,EXISTING CREDITS PAID BACK,NEW CAR,1374,UNKNOWN/NONE,TBD,NY,above 4 YRS,75,1,0
538,0 to 200 USD,18,CRITICAL ACCOUNT,FURNITURE,3612,up to 100 K USD,above 7 YRS,CT,4,37,1,0
539,0 USD,48,EXISTING CREDITS PAID BACK,NEW CAR,7763,up to 100 K USD,above 7 YRS,NY,4,42,1,1
540,above 200 USD,18,EXISTING CREDITS PAID BACK,FURNITURE,3049,up to 100 K USD,up to 1 YR,PA,1 to 2 YRS,45,1,0
541,0 to 200 USD,12,EXISTING CREDITS PAID BACK,ELECTRONICS,1534,up to 100 K USD,up to 1 YR,PA,1 to 2 YRS,23,1,1
542,NONE,24,DELAY IN PAST,NEW CAR,2032,up to 100 K USD,above 7 YRS,NY,4,60,2,0
543,0 USD,30,EXISTING CREDITS PAID BACK,FURNITURE,6350,UNKNOWN/NONE,above 7 YRS,NY,4,31,1,1
544,above 200 USD,18,EXISTING CREDITS PAID BACK,FURNITURE,2864,up to 100 K USD,1 to 4 YRS,NJ,1 to 2 YRS,34,1,1
545,NONE,12,CRITICAL ACCOUNT,NEW CAR,1255,up to 100 K USD,above 7 YRS,NY,4,61,2,0
546,0 USD,24,DELAY IN PAST,NEW CAR,1333,up to 100 K USD,TBD,NY,2 to 3 YRS,43,2,1
547,NONE,24,CRITICAL ACCOUNT,NEW CAR,2022,up to 100 K USD,1 to 4 YRS,NY,4,37,1,0
548,NONE,24,EXISTING CREDITS PAID BACK,ELECTRONICS,1552,up to 100 K USD,4 to 7 YRS,CT,1 to 2 YRS,32,1,0
549,0 USD,12,ALL CREDITS PAID BACK,ELECTRONICS,626,up to 100 K USD,1 to 4 YRS,NY,4,24,1,1
550,NONE,48,CRITICAL ACCOUNT,USED CAR,8858,UNKNOWN/NONE,4 to 7 YRS,NJ,1 to 2 YRS,35,2,0
551,NONE,12,CRITICAL ACCOUNT,OTHER,996,UNKNOWN/NONE,4 to 7 YRS,NY,4,23,2,0
552,NONE,6,ALL CREDITS PAID BACK,ELECTRONICS,1750,500 to 1000 K USD,above 7 YRS,NJ,4,45,1,0
553,0 USD,48,EXISTING CREDITS PAID BACK,ELECTRONICS,6999,up to 100 K USD,4 to 7 YRS,PA,1 to 2 YRS,34,2,1
554,0 to 200 USD,12,CRITICAL ACCOUNT,NEW CAR,1995,100 to 500 K USD,up to 1 YR,NY,1 to 2 YRS,27,1,0
555,0 to 200 USD,9,EXISTING CREDITS PAID BACK,EDUCATION,1199,up to 100 K USD,4 to 7 YRS,NY,4,67,2,0
556,0 to 200 USD,12,EXISTING CREDITS PAID BACK,ELECTRONICS,1331,up to 100 K USD,up to 1 YR,NJ,1 to 2 YRS,22,1,1
557,0 to 200 USD,18,NONE TAKEN,NEW CAR,2278,100 to 500 K USD,up to 1 YR,CT,above 4 YRS,28,2,1
558,NONE,21,NONE TAKEN,NEW CAR,5003,UNKNOWN/NONE,1 to 4 YRS,PA,4,29,2,1
559,0 USD,24,ALL CREDITS PAID BACK,FURNITURE,3552,up to 100 K USD,4 to 7 YRS,CT,4,27,1,1
560,0 to 200 USD,18,CRITICAL ACCOUNT,FURNITURE,1928,up to 100 K USD,up to 1 YR,NJ,2 to 3 YRS,31,2,1
561,0 USD,24,EXISTING CREDITS PAID BACK,USED CAR,2964,UNKNOWN/NONE,above 7 YRS,NY,4,49,1,0
562,0 USD,24,ALL CREDITS PAID BACK,ELECTRONICS,1546,up to 100 K USD,4 to 7 YRS,NY,4,24,1,1
563,above 200 USD,6,DELAY IN PAST,ELECTRONICS,683,up to 100 K USD,up to 1 YR,NJ,1 to 2 YRS,29,1,0
564,0 to 200 USD,36,EXISTING CREDITS PAID BACK,NEW CAR,12389,UNKNOWN/NONE,1 to 4 YRS,PA,4,37,1,1
565,0 to 200 USD,24,DELAY IN PAST,RETRAINING,4712,UNKNOWN/NONE,1 to 4 YRS,NY,2 to 3 YRS,37,2,0
566,0 to 200 USD,24,DELAY IN PAST,ELECTRONICS,1553,100 to 500 K USD,4 to 7 YRS,CT,2 to 3 YRS,23,2,0
567,0 USD,12,EXISTING CREDITS PAID BACK,NEW CAR,1372,up to 100 K USD,4 to 7 YRS,NJ,above 4 YRS,36,1,1
568,NONE,24,CRITICAL ACCOUNT,ELECTRONICS,2578,above 1000 K USD,above 7 YRS,NJ,2 to 3 YRS,34,1,0
569,0 to 200 USD,48,EXISTING CREDITS PAID BACK,ELECTRONICS,3979,UNKNOWN/NONE,4 to 7 YRS,NY,1 to 2 YRS,41,2,0
570,0 USD,48,EXISTING CREDITS PAID BACK,ELECTRONICS,6758,up to 100 K USD,1 to 4 YRS,CT,2 to 3 YRS,31,1,1
571,0 USD,24,EXISTING CREDITS PAID BACK,FURNITURE,3234,up to 100 K USD,up to 1 YR,NY,4,23,1,1
572,NONE,30,CRITICAL ACCOUNT,ELECTRONICS,5954,up to 100 K USD,4 to 7 YRS,CT,2 to 3 YRS,38,1,0
573,NONE,24,EXISTING CREDITS PAID BACK,USED CAR,5433,UNKNOWN/NONE,TBD,NJ,4,26,1,0
574,0 USD,15,EXISTING CREDITS PAID BACK,RETRAINING,806,up to 100 K USD,1 to 4 YRS,NY,4,22,1,0
575,0 to 200 USD,9,EXISTING CREDITS PAID BACK,ELECTRONICS,1082,up to 100 K USD,above 7 YRS,NY,4,27,2,0
576,NONE,15,CRITICAL ACCOUNT,FURNITURE,2788,up to 100 K USD,4 to 7 YRS,NJ,above 4 YRS,24,2,0
577,0 to 200 USD,12,EXISTING CREDITS PAID BACK,ELECTRONICS,2930,up to 100 K USD,4 to 7 YRS,NJ,1 to 2 YRS,27,1,0
578,NONE,24,CRITICAL ACCOUNT,EDUCATION,1927,UNKNOWN/NONE,1 to 4 YRS,CT,2 to 3 YRS,33,2,0
579,0 to 200 USD,36,CRITICAL ACCOUNT,NEW CAR,2820,up to 100 K USD,up to 1 YR,NY,4,27,2,1
580,NONE,24,EXISTING CREDITS PAID BACK,OTHER,937,up to 100 K USD,up to 1 YR,NY,above 4 YRS,27,2,0
581,0 to 200 USD,18,CRITICAL ACCOUNT,NEW CAR,1056,up to 100 K USD,above 7 YRS,CT,above 4 YRS,30,2,1
582,0 to 200 USD,12,CRITICAL ACCOUNT,NEW CAR,3124,up to 100 K USD,up to 1 YR,PA,above 4 YRS,49,2,0
583,NONE,9,EXISTING CREDITS PAID BACK,FURNITURE,1388,up to 100 K USD,1 to 4 YRS,NY,2 to 3 YRS,26,1,0
584,0 to 200 USD,36,EXISTING CREDITS PAID BACK,OTHER,2384,up to 100 K USD,up to 1 YR,NY,1 to 2 YRS,33,1,1
585,NONE,12,EXISTING CREDITS PAID BACK,NEW CAR,2133,UNKNOWN/NONE,above 7 YRS,NY,4,52,1,0
586,0 USD,18,EXISTING CREDITS PAID BACK,FURNITURE,2039,up to 100 K USD,1 to 4 YRS,PA,4,20,1,1
587,0 USD,9,CRITICAL ACCOUNT,NEW CAR,2799,up to 100 K USD,1 to 4 YRS,NJ,2 to 3 YRS,36,2,0
588,0 USD,12,EXISTING CREDITS PAID BACK,FURNITURE,1289,up to 100 K USD,1 to 4 YRS,NY,1 to 2 YRS,21,1,0
589,0 USD,18,EXISTING CREDITS PAID BACK,OTHER,1217,up to 100 K USD,1 to 4 YRS,NY,above 4 YRS,47,1,1
590,0 USD,12,CRITICAL ACCOUNT,FURNITURE,2246,up to 100 K USD,above 7 YRS,CT,above 4 YRS,60,2,1
591,0 USD,12,CRITICAL ACCOUNT,ELECTRONICS,385,up to 100 K USD,4 to 7 YRS,NY,above 4 YRS,58,4,0
592,0 to 200 USD,24,DELAY IN PAST,NEW CAR,1965,UNKNOWN/NONE,1 to 4 YRS,NY,4,42,2,0
593,NONE,21,EXISTING CREDITS PAID BACK,RETRAINING,1572,above 1000 K USD,above 7 YRS,NY,4,36,1,0
594,0 to 200 USD,24,EXISTING CREDITS PAID BACK,NEW CAR,2718,up to 100 K USD,1 to 4 YRS,CT,4,20,1,1
595,0 USD,24,ALL CREDITS PAID BACK,OTHER,1358,UNKNOWN/NONE,above 7 YRS,NY,above 4 YRS,40,1,1
596,0 to 200 USD,6,ALL CREDITS PAID BACK,NEW CAR,931,100 to 500 K USD,up to 1 YR,PA,1 to 2 YRS,32,1,1
597,0 USD,24,EXISTING CREDITS PAID BACK,NEW CAR,1442,up to 100 K USD,4 to 7 YRS,NY,4,23,2,1
598,0 to 200 USD,24,NONE TAKEN,RETRAINING,4241,up to 100 K USD,1 to 4 YRS,PA,4,36,3,1
599,NONE,18,CRITICAL ACCOUNT,NEW CAR,2775,up to 100 K USD,4 to 7 YRS,NJ,2 to 3 YRS,31,2,1
600,NONE,24,DELAY IN PAST,RETRAINING,3863,up to 100 K USD,1 to 4 YRS,PA,2 to 3 YRS,32,1,0
601,0 to 200 USD,7,EXISTING CREDITS PAID BACK,ELECTRONICS,2329,up to 100 K USD,up to 1 YR,PA,1 to 2 YRS,45,1,0
602,0 to 200 USD,9,EXISTING CREDITS PAID BACK,FURNITURE,918,up to 100 K USD,1 to 4 YRS,NY,1 to 2 YRS,30,1,1
603,0 to 200 USD,24,ALL CREDITS PAID BACK,EDUCATION,1837,up to 100 K USD,4 to 7 YRS,NY,4,34,1,1
604,NONE,36,EXISTING CREDITS PAID BACK,FURNITURE,3349,up to 100 K USD,1 to 4 YRS,NY,2 to 3 YRS,28,1,1
605,above 200 USD,10,EXISTING CREDITS PAID BACK,FURNITURE,1275,up to 100 K USD,up to 1 YR,NY,2 to 3 YRS,23,1,0
606,0 USD,24,ALL CREDITS PAID BACK,FURNITURE,2828,500 to 1000 K USD,1 to 4 YRS,NY,4,22,1,0
607,NONE,24,CRITICAL ACCOUNT,RETRAINING,4526,up to 100 K USD,1 to 4 YRS,CT,2 to 3 YRS,74,1,0
608,0 to 200 USD,36,EXISTING CREDITS PAID BACK,ELECTRONICS,2671,100 to 500 K USD,1 to 4 YRS,NY,4,50,1,1
609,NONE,18,EXISTING CREDITS PAID BACK,ELECTRONICS,2051,up to 100 K USD,up to 1 YR,NY,1 to 2 YRS,33,1,0
610,NONE,15,EXISTING CREDITS PAID BACK,USED CAR,1300,UNKNOWN/NONE,above 7 YRS,NY,4,45,1,0
611,0 USD,12,EXISTING CREDITS PAID BACK,OTHER,741,100 to 500 K USD,TBD,NY,above 4 YRS,22,1,1
612,above 200 USD,10,EXISTING CREDITS PAID BACK,NEW CAR,1240,100 to 500 K USD,above 7 YRS,PA,4,48,1,1
613,0 USD,21,EXISTING CREDITS PAID BACK,ELECTRONICS,3357,above 1000 K USD,up to 1 YR,NY,2 to 3 YRS,29,1,0
614,0 USD,24,ALL CREDITS PAID BACK,USED CAR,3632,up to 100 K USD,1 to 4 YRS,PA,4,22,1,0
615,NONE,18,DELAY IN PAST,FURNITURE,1808,up to 100 K USD,4 to 7 YRS,NY,1 to 2 YRS,22,1,1
616,0 to 200 USD,48,NONE TAKEN,RETRAINING,12204,UNKNOWN/NONE,1 to 4 YRS,NJ,2 to 3 YRS,48,1,0
617,0 to 200 USD,60,DELAY IN PAST,ELECTRONICS,9157,UNKNOWN/NONE,1 to 4 YRS,NJ,2 to 3 YRS,27,1,0
618,0 USD,6,CRITICAL ACCOUNT,NEW CAR,3676,up to 100 K USD,1 to 4 YRS,PA,above 4 YRS,37,3,0
619,0 to 200 USD,30,EXISTING CREDITS PAID BACK,FURNITURE,3441,100 to 500 K USD,1 to 4 YRS,NJ,4,21,1,1
620,NONE,12,EXISTING CREDITS PAID BACK,NEW CAR,640,up to 100 K USD,1 to 4 YRS,NY,2 to 3 YRS,49,1,0
621,0 to 200 USD,21,CRITICAL ACCOUNT,RETRAINING,3652,up to 100 K USD,4 to 7 YRS,NJ,above 4 YRS,27,2,0
622,NONE,18,CRITICAL ACCOUNT,NEW CAR,1530,up to 100 K USD,1 to 4 YRS,CT,2 to 3 YRS,32,2,1
623,NONE,48,EXISTING CREDITS PAID BACK,RETRAINING,3914,UNKNOWN/NONE,1 to 4 YRS,NY,2 to 3 YRS,38,1,1
624,0 USD,12,EXISTING CREDITS PAID BACK,FURNITURE,1858,up to 100 K USD,up to 1 YR,NY,1 to 2 YRS,22,1,0
625,0 USD,18,EXISTING CREDITS PAID BACK,ELECTRONICS,2600,up to 100 K USD,1 to 4 YRS,NY,4,65,2,1
626,NONE,15,EXISTING CREDITS PAID BACK,ELECTRONICS,1979,UNKNOWN/NONE,above 7 YRS,NY,2 to 3 YRS,35,1,0
627,above 200 USD,6,EXISTING CREDITS PAID BACK,FURNITURE,2116,up to 100 K USD,1 to 4 YRS,NJ,2 to 3 YRS,41,1,0
628,0 to 200 USD,9,ALL CREDITS PAID BACK,NEW CAR,1437,100 to 500 K USD,4 to 7 YRS,NJ,above 4 YRS,29,1,1
629,NONE,42,CRITICAL ACCOUNT,FURNITURE,4042,500 to 1000 K USD,1 to 4 YRS,NY,4,36,2,0
630,NONE,9,EXISTING CREDITS PAID BACK,EDUCATION,3832,UNKNOWN/NONE,above 7 YRS,PA,4,64,1,0
631,0 USD,24,EXISTING CREDITS PAID BACK,ELECTRONICS,3660,up to 100 K USD,1 to 4 YRS,NJ,4,28,1,0
632,0 USD,18,ALL CREDITS PAID BACK,FURNITURE,1553,up to 100 K USD,1 to 4 YRS,NY,above 4 YRS,44,1,1
633,0 to 200 USD,15,EXISTING CREDITS PAID BACK,ELECTRONICS,1444,UNKNOWN/NONE,up to 1 YR,NY,1 to 2 YRS,23,1,0
634,NONE,9,EXISTING CREDITS PAID BACK,FURNITURE,1980,up to 100 K USD,up to 1 YR,NJ,2 to 3 YRS,19,2,1
635,0 to 200 USD,24,EXISTING CREDITS PAID BACK,NEW CAR,1355,up to 100 K USD,up to 1 YR,CT,4,25,1,1
636,NONE,12,EXISTING CREDITS PAID BACK,EDUCATION,1393,up to 100 K USD,above 7 YRS,NY,4,47,3,0
637,NONE,24,EXISTING CREDITS PAID BACK,ELECTRONICS,1376,500 to 1000 K USD,4 to 7 YRS,NY,1 to 2 YRS,28,1,0
638,NONE,60,DELAY IN PAST,ELECTRONICS,15653,up to 100 K USD,4 to 7 YRS,NJ,4,21,2,0
639,NONE,12,EXISTING CREDITS PAID BACK,ELECTRONICS,1493,up to 100 K USD,up to 1 YR,NY,above 4 YRS,34,1,0
640,0 USD,42,DELAY IN PAST,ELECTRONICS,4370,up to 100 K USD,4 to 7 YRS,CT,2 to 3 YRS,26,2,1
641,0 USD,18,EXISTING CREDITS PAID BACK,EDUCATION,750,up to 100 K USD,TBD,NY,1 to 2 YRS,27,1,1
642,0 to 200 USD,15,EXISTING CREDITS PAID BACK,OTHER,1308,up to 100 K USD,above 7 YRS,NY,4,38,2,0
643,NONE,15,EXISTING CREDITS PAID BACK,EDUCATION,4623,100 to 500 K USD,1 to 4 YRS,CT,2 to 3 YRS,40,1,1
644,NONE,24,CRITICAL ACCOUNT,ELECTRONICS,1851,up to 100 K USD,4 to 7 YRS,NY,2 to 3 YRS,33,2,0
645,0 USD,18,CRITICAL ACCOUNT,ELECTRONICS,1880,up to 100 K USD,4 to 7 YRS,NY,1 to 2 YRS,32,2,0
646,NONE,36,DELAY IN PAST,RETRAINING,7980,UNKNOWN/NONE,up to 1 YR,NY,4,27,2,1
647,0 USD,30,NONE TAKEN,FURNITURE,4583,up to 100 K USD,1 to 4 YRS,NJ,2 to 3 YRS,32,2,0
648,NONE,12,EXISTING CREDITS PAID BACK,NEW CAR,1386,500 to 1000 K USD,1 to 4 YRS,NJ,2 to 3 YRS,26,1,1
649,above 200 USD,24,EXISTING CREDITS PAID BACK,NEW CAR,947,up to 100 K USD,4 to 7 YRS,NY,above 4 YRS,38,1,1
650,0 USD,12,EXISTING CREDITS PAID BACK,EDUCATION,684,up to 100 K USD,1 to 4 YRS,NY,4,40,1,1
651,0 USD,48,EXISTING CREDITS PAID BACK,EDUCATION,7476,up to 100 K USD,4 to 7 YRS,NY,1 to 2 YRS,50,1,0
652,0 to 200 USD,12,EXISTING CREDITS PAID BACK,FURNITURE,1922,up to 100 K USD,1 to 4 YRS,NY,2 to 3 YRS,37,1,1
653,0 USD,24,EXISTING CREDITS PAID BACK,NEW CAR,2303,up to 100 K USD,above 7 YRS,NY,1 to 2 YRS,45,1,1
654,0 to 200 USD,36,DELAY IN PAST,NEW CAR,8086,100 to 500 K USD,above 7 YRS,NJ,4,42,4,1
655,NONE,24,CRITICAL ACCOUNT,USED CAR,2346,up to 100 K USD,4 to 7 YRS,NY,above 4 YRS,35,2,0
656,0 USD,14,EXISTING CREDITS PAID BACK,NEW CAR,3973,up to 100 K USD,TBD,PA,4,22,1,0
657,0 to 200 USD,12,EXISTING CREDITS PAID BACK,NEW CAR,888,up to 100 K USD,above 7 YRS,NY,4,41,1,1
658,NONE,48,EXISTING CREDITS PAID BACK,ELECTRONICS,10222,UNKNOWN/NONE,4 to 7 YRS,NY,above 4 YRS,37,1,0
659,0 to 200 USD,30,NONE TAKEN,RETRAINING,4221,up to 100 K USD,1 to 4 YRS,NJ,1 to 2 YRS,28,2,0
660,0 to 200 USD,18,CRITICAL ACCOUNT,FURNITURE,6361,up to 100 K USD,above 7 YRS,NJ,1 to 2 YRS,41,1,0
661,above 200 USD,12,EXISTING CREDITS PAID BACK,ELECTRONICS,1297,up to 100 K USD,1 to 4 YRS,CT,4,23,1,0
662,0 USD,12,EXISTING CREDITS PAID BACK,NEW CAR,900,UNKNOWN/NONE,1 to 4 YRS,NY,2 to 3 YRS,23,1,1
663,NONE,21,EXISTING CREDITS PAID BACK,FURNITURE,2241,up to 100 K USD,above 7 YRS,NY,2 to 3 YRS,50,2,0
664,0 to 200 USD,6,DELAY IN PAST,FURNITURE,1050,up to 100 K USD,TBD,NY,1 to 2 YRS,35,2,0
665,above 200 USD,6,CRITICAL ACCOUNT,EDUCATION,1047,up to 100 K USD,1 to 4 YRS,NJ,4,50,1,0
666,NONE,24,CRITICAL ACCOUNT,OTHER,6314,up to 100 K USD,TBD,NY,2 to 3 YRS,27,2,0
667,0 to 200 USD,30,ALL CREDITS PAID BACK,FURNITURE,3496,above 1000 K USD,1 to 4 YRS,NY,2 to 3 YRS,34,1,0
668,NONE,48,ALL CREDITS PAID BACK,RETRAINING,3609,up to 100 K USD,1 to 4 YRS,PA,1 to 2 YRS,27,1,0
669,0 USD,12,CRITICAL ACCOUNT,NEW CAR,4843,up to 100 K USD,above 7 YRS,CT,4,43,2,1
670,above 200 USD,30,CRITICAL ACCOUNT,ELECTRONICS,3017,up to 100 K USD,above 7 YRS,NY,4,47,1,0
671,NONE,24,CRITICAL ACCOUNT,RETRAINING,4139,100 to 500 K USD,1 to 4 YRS,CT,above 4 YRS,27,2,0
672,NONE,36,EXISTING CREDITS PAID BACK,RETRAINING,5742,100 to 500 K USD,4 to 7 YRS,NJ,2 to 3 YRS,31,2,0
673,NONE,60,EXISTING CREDITS PAID BACK,NEW CAR,10366,up to 100 K USD,above 7 YRS,NJ,4,42,1,0
674,NONE,6,CRITICAL ACCOUNT,NEW CAR,2080,500 to 1000 K USD,1 to 4 YRS,PA,2 to 3 YRS,24,1,0
675,NONE,21,DELAY IN PAST,RETRAINING,2580,500 to 1000 K USD,up to 1 YR,NY,2 to 3 YRS,41,1,1
676,NONE,30,CRITICAL ACCOUNT,ELECTRONICS,4530,up to 100 K USD,4 to 7 YRS,NY,4,26,1,0
677,NONE,24,CRITICAL ACCOUNT,FURNITURE,5150,up to 100 K USD,above 7 YRS,NY,4,33,1,0
678,0 to 200 USD,72,EXISTING CREDITS PAID BACK,ELECTRONICS,5595,100 to 500 K USD,1 to 4 YRS,NJ,2 to 3 YRS,24,1,1
679,0 USD,24,EXISTING CREDITS PAID BACK,ELECTRONICS,2384,up to 100 K USD,above 7 YRS,NY,4,64,1,0
680,NONE,18,EXISTING CREDITS PAID BACK,ELECTRONICS,1453,up to 100 K USD,up to 1 YR,CT,1 to 2 YRS,26,1,0
681,NONE,6,EXISTING CREDITS PAID BACK,EDUCATION,1538,up to 100 K USD,up to 1 YR,PA,2 to 3 YRS,56,1,0
682,NONE,12,EXISTING CREDITS PAID BACK,ELECTRONICS,2279,UNKNOWN/NONE,1 to 4 YRS,NY,4,37,1,0
683,NONE,15,DELAY IN PAST,ELECTRONICS,1478,up to 100 K USD,1 to 4 YRS,NY,above 4 YRS,33,2,0
684,NONE,24,CRITICAL ACCOUNT,ELECTRONICS,5103,up to 100 K USD,up to 1 YR,CT,above 4 YRS,47,3,0
685,0 to 200 USD,36,DELAY IN PAST,RETRAINING,9857,100 to 500 K USD,4 to 7 YRS,PA,above 4 YRS,31,2,0
686,NONE,60,EXISTING CREDITS PAID BACK,NEW CAR,6527,UNKNOWN/NONE,1 to 4 YRS,NY,4,34,1,0
687,above 200 USD,10,CRITICAL ACCOUNT,ELECTRONICS,1347,UNKNOWN/NONE,4 to 7 YRS,NY,2 to 3 YRS,27,2,0
688,0 to 200 USD,36,DELAY IN PAST,NEW CAR,2862,100 to 500 K USD,above 7 YRS,NY,above 4 YRS,30,1,0
689,NONE,9,EXISTING CREDITS PAID BACK,ELECTRONICS,2753,100 to 500 K USD,above 7 YRS,CT,4,35,1,0
690,0 USD,12,EXISTING CREDITS PAID BACK,NEW CAR,3651,above 1000 K USD,1 to 4 YRS,PA,above 4 YRS,31,1,0
691,0 USD,15,CRITICAL ACCOUNT,FURNITURE,975,up to 100 K USD,1 to 4 YRS,NJ,above 4 YRS,25,2,0
692,0 to 200 USD,15,EXISTING CREDITS PAID BACK,OTHER,2631,100 to 500 K USD,1 to 4 YRS,CT,2 to 3 YRS,25,1,0
693,0 to 200 USD,24,EXISTING CREDITS PAID BACK,ELECTRONICS,2896,100 to 500 K USD,up to 1 YR,NJ,1 to 2 YRS,29,1,0
694,0 USD,6,CRITICAL ACCOUNT,NEW CAR,4716,UNKNOWN/NONE,up to 1 YR,PA,above 4 YRS,44,2,0
695,NONE,24,EXISTING CREDITS PAID BACK,ELECTRONICS,2284,up to 100 K USD,4 to 7 YRS,NY,2 to 3 YRS,28,1,0
696,NONE,6,EXISTING CREDITS PAID BACK,USED CAR,1236,500 to 1000 K USD,1 to 4 YRS,NJ,4,50,1,0
697,0 to 200 USD,12,EXISTING CREDITS PAID BACK,ELECTRONICS,1103,up to 100 K USD,4 to 7 YRS,NY,above 4 YRS,29,2,0
698,NONE,12,CRITICAL ACCOUNT,NEW CAR,926,up to 100 K USD,TBD,PA,2 to 3 YRS,38,1,0
699,NONE,18,CRITICAL ACCOUNT,ELECTRONICS,1800,up to 100 K USD,1 to 4 YRS,NY,2 to 3 YRS,24,2,0
700,above 200 USD,15,EXISTING CREDITS PAID BACK,EDUCATION,1905,up to 100 K USD,above 7 YRS,NY,4,40,1,0
701,NONE,12,EXISTING CREDITS PAID BACK,FURNITURE,1123,500 to 1000 K USD,1 to 4 YRS,NY,4,29,1,1
702,0 USD,48,CRITICAL ACCOUNT,USED CAR,6331,up to 100 K USD,above 7 YRS,NY,4,46,2,1
703,above 200 USD,24,EXISTING CREDITS PAID BACK,ELECTRONICS,1377,100 to 500 K USD,above 7 YRS,NY,2 to 3 YRS,47,1,0
704,0 to 200 USD,30,DELAY IN PAST,RETRAINING,2503,100 to 500 K USD,above 7 YRS,NY,2 to 3 YRS,41,2,0
705,0 to 200 USD,27,EXISTING CREDITS PAID BACK,RETRAINING,2528,up to 100 K USD,up to 1 YR,NY,1 to 2 YRS,32,1,0
706,NONE,15,EXISTING CREDITS PAID BACK,NEW CAR,5324,500 to 1000 K USD,above 7 YRS,PA,4,35,1,0
707,0 to 200 USD,48,EXISTING CREDITS PAID BACK,NEW CAR,6560,100 to 500 K USD,4 to 7 YRS,CT,2 to 3 YRS,24,1,1
708,0 to 200 USD,12,NONE TAKEN,FURNITURE,2969,up to 100 K USD,up to 1 YR,NY,above 4 YRS,25,2,1
709,0 to 200 USD,9,EXISTING CREDITS PAID BACK,ELECTRONICS,1206,up to 100 K USD,above 7 YRS,NY,4,25,1,0
710,0 to 200 USD,9,EXISTING CREDITS PAID BACK,ELECTRONICS,2118,up to 100 K USD,1 to 4 YRS,NJ,2 to 3 YRS,37,1,0
711,NONE,18,CRITICAL ACCOUNT,ELECTRONICS,629,500 to 1000 K USD,above 7 YRS,NY,above 4 YRS,32,2,0
712,0 USD,6,ALL CREDITS PAID BACK,EDUCATION,1198,up to 100 K USD,above 7 YRS,NY,4,35,1,1
713,NONE,21,EXISTING CREDITS PAID BACK,USED CAR,2476,UNKNOWN/NONE,above 7 YRS,NY,4,46,1,0
714,0 USD,9,CRITICAL ACCOUNT,ELECTRONICS,1138,up to 100 K USD,1 to 4 YRS,NY,4,25,2,0
715,0 to 200 USD,60,EXISTING CREDITS PAID BACK,NEW CAR,14027,up to 100 K USD,4 to 7 YRS,NY,2 to 3 YRS,27,1,1
716,NONE,30,CRITICAL ACCOUNT,USED CAR,7596,UNKNOWN/NONE,above 7 YRS,PA,4,63,2,0
717,NONE,30,CRITICAL ACCOUNT,ELECTRONICS,3077,UNKNOWN/NONE,above 7 YRS,CT,2 to 3 YRS,40,2,0
718,NONE,18,EXISTING CREDITS PAID BACK,ELECTRONICS,1505,up to 100 K USD,1 to 4 YRS,NY,2 to 3 YRS,32,1,0
719,above 200 USD,24,CRITICAL ACCOUNT,ELECTRONICS,3148,UNKNOWN/NONE,1 to 4 YRS,CT,2 to 3 YRS,31,2,0
720,0 to 200 USD,20,NONE TAKEN,USED CAR,6148,100 to 500 K USD,above 7 YRS,CT,4,31,2,0
721,above 200 USD,9,NONE TAKEN,ELECTRONICS,1337,up to 100 K USD,up to 1 YR,NY,2 to 3 YRS,34,2,1
722,0 to 200 USD,6,ALL CREDITS PAID BACK,EDUCATION,433,above 1000 K USD,up to 1 YR,NY,2 to 3 YRS,24,1,1
723,0 USD,12,EXISTING CREDITS PAID BACK,NEW CAR,1228,up to 100 K USD,1 to 4 YRS,NY,2 to 3 YRS,24,1,1
724,0 to 200 USD,9,EXISTING CREDITS PAID BACK,ELECTRONICS,790,500 to 1000 K USD,1 to 4 YRS,NY,above 4 YRS,66,1,0
725,NONE,27,EXISTING CREDITS PAID BACK,NEW CAR,2570,up to 100 K USD,1 to 4 YRS,CT,above 4 YRS,21,1,1
726,NONE,6,CRITICAL ACCOUNT,NEW CAR,250,above 1000 K USD,1 to 4 YRS,NJ,2 to 3 YRS,41,2,0
727,NONE,15,CRITICAL ACCOUNT,ELECTRONICS,1316,500 to 1000 K USD,1 to 4 YRS,NJ,2 to 3 YRS,47,2,0
728,0 USD,18,EXISTING CREDITS PAID BACK,ELECTRONICS,1882,up to 100 K USD,1 to 4 YRS,NY,4,25,2,1
729,0 to 200 USD,48,ALL CREDITS PAID BACK,RETRAINING,6416,up to 100 K USD,above 7 YRS,NY,above 4 YRS,59,1,1
730,above 200 USD,24,CRITICAL ACCOUNT,RETRAINING,1275,above 1000 K USD,1 to 4 YRS,NJ,4,36,2,0
731,0 to 200 USD,24,DELAY IN PAST,ELECTRONICS,6403,up to 100 K USD,up to 1 YR,PA,2 to 3 YRS,33,1,0
732,0 USD,24,EXISTING CREDITS PAID BACK,ELECTRONICS,1987,up to 100 K USD,1 to 4 YRS,NJ,4,21,1,1
733,0 to 200 USD,8,EXISTING CREDITS PAID BACK,ELECTRONICS,760,up to 100 K USD,4 to 7 YRS,NY,2 to 3 YRS,44,1,0
734,NONE,24,EXISTING CREDITS PAID BACK,USED CAR,2603,above 1000 K USD,1 to 4 YRS,NJ,4,28,1,0
735,NONE,4,CRITICAL ACCOUNT,NEW CAR,3380,up to 100 K USD,4 to 7 YRS,PA,1 to 2 YRS,37,1,0
736,0 to 200 USD,36,ALL CREDITS PAID BACK,OTHER,3990,UNKNOWN/NONE,up to 1 YR,CT,2 to 3 YRS,29,1,0
737,0 to 200 USD,24,EXISTING CREDITS PAID BACK,USED CAR,11560,up to 100 K USD,1 to 4 YRS,PA,4,23,2,1
738,0 USD,18,EXISTING CREDITS PAID BACK,NEW CAR,4380,100 to 500 K USD,1 to 4 YRS,CT,4,35,1,0
739,NONE,6,CRITICAL ACCOUNT,NEW CAR,6761,up to 100 K USD,4 to 7 YRS,PA,above 4 YRS,45,2,0
740,0 to 200 USD,30,NONE TAKEN,RETRAINING,4280,100 to 500 K USD,1 to 4 YRS,NY,4,26,2,1
741,0 USD,24,ALL CREDITS PAID BACK,NEW CAR,2325,100 to 500 K USD,4 to 7 YRS,NJ,above 4 YRS,32,1,0
742,0 to 200 USD,10,ALL CREDITS PAID BACK,ELECTRONICS,1048,up to 100 K USD,1 to 4 YRS,NY,4,23,1,0
743,NONE,21,EXISTING CREDITS PAID BACK,ELECTRONICS,3160,UNKNOWN/NONE,above 7 YRS,NY,above 4 YRS,41,1,0
744,0 USD,24,ALL CREDITS PAID BACK,FURNITURE,2483,500 to 1000 K USD,1 to 4 YRS,NY,4,22,1,0
745,0 USD,39,CRITICAL ACCOUNT,FURNITURE,14179,UNKNOWN/NONE,4 to 7 YRS,NY,4,30,2,0
746,0 USD,13,CRITICAL ACCOUNT,RETRAINING,1797,up to 100 K USD,up to 1 YR,CT,1 to 2 YRS,28,2,0
747,0 USD,15,EXISTING CREDITS PAID BACK,NEW CAR,2511,up to 100 K USD,TBD,PA,4,23,1,0
748,0 USD,12,EXISTING CREDITS PAID BACK,NEW CAR,1274,up to 100 K USD,up to 1 YR,CT,1 to 2 YRS,37,1,1
749,NONE,21,EXISTING CREDITS PAID BACK,USED CAR,5248,UNKNOWN/NONE,1 to 4 YRS,PA,above 4 YRS,26,1,0
750,NONE,15,EXISTING CREDITS PAID BACK,USED CAR,3029,up to 100 K USD,4 to 7 YRS,NJ,2 to 3 YRS,33,1,0
751,0 USD,6,EXISTING CREDITS PAID BACK,FURNITURE,428,up to 100 K USD,above 7 YRS,NJ,1 to 2 YRS,49,1,0
752,0 USD,18,EXISTING CREDITS PAID BACK,NEW CAR,976,up to 100 K USD,up to 1 YR,PA,2 to 3 YRS,23,1,1
753,0 to 200 USD,12,EXISTING CREDITS PAID BACK,RETRAINING,841,100 to 500 K USD,4 to 7 YRS,NJ,4,23,1,0
754,NONE,30,CRITICAL ACCOUNT,ELECTRONICS,5771,up to 100 K USD,4 to 7 YRS,NY,2 to 3 YRS,25,2,0
755,NONE,12,DELAY IN PAST,OTHER,1555,above 1000 K USD,above 7 YRS,NY,4,55,2,1
756,0 USD,24,EXISTING CREDITS PAID BACK,NEW CAR,1285,UNKNOWN/NONE,4 to 7 YRS,NY,4,32,1,1
757,above 200 USD,6,CRITICAL ACCOUNT,NEW CAR,1299,up to 100 K USD,1 to 4 YRS,PA,1 to 2 YRS,74,3,0
758,above 200 USD,15,CRITICAL ACCOUNT,ELECTRONICS,1271,UNKNOWN/NONE,1 to 4 YRS,CT,4,39,2,1
759,NONE,24,EXISTING CREDITS PAID BACK,NEW CAR,1393,up to 100 K USD,1 to 4 YRS,NJ,2 to 3 YRS,31,1,0
760,0 USD,12,CRITICAL ACCOUNT,NEW CAR,691,up to 100 K USD,above 7 YRS,NY,above 4 YRS,35,2,1
761,NONE,15,CRITICAL ACCOUNT,NEW CAR,5045,UNKNOWN/NONE,above 7 YRS,PA,4,59,1,0
762,0 USD,18,CRITICAL ACCOUNT,FURNITURE,2124,up to 100 K USD,1 to 4 YRS,NY,4,24,2,1
763,0 USD,12,EXISTING CREDITS PAID BACK,ELECTRONICS,2214,up to 100 K USD,1 to 4 YRS,NY,above 4 YRS,24,1,0
764,NONE,21,CRITICAL ACCOUNT,NEW CAR,12680,UNKNOWN/NONE,above 7 YRS,NY,4,30,1,1
765,NONE,24,CRITICAL ACCOUNT,NEW CAR,2463,100 to 500 K USD,4 to 7 YRS,NY,above 4 YRS,27,2,0
766,0 to 200 USD,12,EXISTING CREDITS PAID BACK,ELECTRONICS,1155,up to 100 K USD,above 7 YRS,CT,above 4 YRS,40,2,0
767,0 USD,30,EXISTING CREDITS PAID BACK,FURNITURE,3108,up to 100 K USD,up to 1 YR,NJ,4,31,1,1
768,NONE,10,EXISTING CREDITS PAID BACK,USED CAR,2901,UNKNOWN/NONE,up to 1 YR,PA,4,31,1,0
769,0 to 200 USD,12,CRITICAL ACCOUNT,FURNITURE,3617,up to 100 K USD,above 7 YRS,PA,4,28,3,0
770,NONE,12,CRITICAL ACCOUNT,ELECTRONICS,1655,up to 100 K USD,above 7 YRS,NJ,4,63,2,0
771,0 USD,24,EXISTING CREDITS PAID BACK,USED CAR,2812,UNKNOWN/NONE,above 7 YRS,NJ,4,26,1,0
772,0 USD,36,CRITICAL ACCOUNT,EDUCATION,8065,up to 100 K USD,1 to 4 YRS,CT,2 to 3 YRS,25,2,1
773,NONE,21,CRITICAL ACCOUNT,USED CAR,3275,up to 100 K USD,above 7 YRS,PA,4,36,1,0
774,NONE,24,CRITICAL ACCOUNT,ELECTRONICS,2223,100 to 500 K USD,above 7 YRS,NY,4,52,2,0
775,above 200 USD,12,CRITICAL ACCOUNT,NEW CAR,1480,500 to 1000 K USD,TBD,NJ,4,66,3,0
776,0 USD,24,EXISTING CREDITS PAID BACK,NEW CAR,1371,UNKNOWN/NONE,1 to 4 YRS,NY,4,25,1,1
777,NONE,36,CRITICAL ACCOUNT,NEW CAR,3535,up to 100 K USD,4 to 7 YRS,NY,4,37,2,0
778,0 USD,18,EXISTING CREDITS PAID BACK,ELECTRONICS,3509,up to 100 K USD,4 to 7 YRS,NY,1 to 2 YRS,25,1,0
779,NONE,36,CRITICAL ACCOUNT,USED CAR,5711,above 1000 K USD,above 7 YRS,NY,2 to 3 YRS,38,2,0
780,0 to 200 USD,18,EXISTING CREDITS PAID BACK,OTHER,3872,up to 100 K USD,TBD,NJ,4,67,1,0
781,0 to 200 USD,39,CRITICAL ACCOUNT,ELECTRONICS,4933,up to 100 K USD,4 to 7 YRS,NJ,2 to 3 YRS,25,2,1
782,NONE,24,CRITICAL ACCOUNT,NEW CAR,1940,above 1000 K USD,above 7 YRS,NY,4,60,1,0
783,0 to 200 USD,12,NONE TAKEN,OTHER,1410,up to 100 K USD,1 to 4 YRS,NJ,2 to 3 YRS,31,1,0
784,0 to 200 USD,12,EXISTING CREDITS PAID BACK,NEW CAR,836,100 to 500 K USD,up to 1 YR,NY,2 to 3 YRS,23,1,1
785,0 to 200 USD,20,EXISTING CREDITS PAID BACK,USED CAR,6468,UNKNOWN/NONE,TBD,PA,4,60,1,0
786,0 to 200 USD,18,EXISTING CREDITS PAID BACK,RETRAINING,1941,above 1000 K USD,1 to 4 YRS,NY,2 to 3 YRS,35,1,0
787,NONE,22,EXISTING CREDITS PAID BACK,ELECTRONICS,2675,500 to 1000 K USD,above 7 YRS,CT,4,40,1,0
788,NONE,48,CRITICAL ACCOUNT,USED CAR,2751,UNKNOWN/NONE,above 7 YRS,NY,above 4 YRS,38,2,0
789,0 to 200 USD,48,DELAY IN PAST,EDUCATION,6224,up to 100 K USD,above 7 YRS,NY,4,50,1,1
790,0 USD,40,CRITICAL ACCOUNT,EDUCATION,5998,up to 100 K USD,1 to 4 YRS,NY,above 4 YRS,27,1,1
791,0 to 200 USD,21,EXISTING CREDITS PAID BACK,RETRAINING,1188,up to 100 K USD,above 7 YRS,NJ,4,39,1,1
792,NONE,24,EXISTING CREDITS PAID BACK,USED CAR,6313,UNKNOWN/NONE,above 7 YRS,CT,4,41,1,0
793,NONE,6,CRITICAL ACCOUNT,FURNITURE,1221,UNKNOWN/NONE,1 to 4 YRS,PA,2 to 3 YRS,27,2,0
794,above 200 USD,24,EXISTING CREDITS PAID BACK,FURNITURE,2892,up to 100 K USD,above 7 YRS,CT,4,51,1,0
795,NONE,24,EXISTING CREDITS PAID BACK,FURNITURE,3062,500 to 1000 K USD,above 7 YRS,NY,above 4 YRS,32,1,0
796,NONE,9,EXISTING CREDITS PAID BACK,FURNITURE,2301,100 to 500 K USD,up to 1 YR,NJ,4,22,1,0
797,0 USD,18,EXISTING CREDITS PAID BACK,USED CAR,7511,UNKNOWN/NONE,above 7 YRS,PA,4,51,1,1
798,NONE,12,CRITICAL ACCOUNT,FURNITURE,1258,up to 100 K USD,up to 1 YR,NJ,4,22,2,0
799,NONE,24,DELAY IN PAST,NEW CAR,717,UNKNOWN/NONE,above 7 YRS,NY,4,54,2,0
800,0 to 200 USD,9,EXISTING CREDITS PAID BACK,NEW CAR,1549,UNKNOWN/NONE,up to 1 YR,NY,2 to 3 YRS,35,1,0
801,NONE,24,CRITICAL ACCOUNT,EDUCATION,1597,up to 100 K USD,above 7 YRS,NY,4,54,2,0
802,0 to 200 USD,18,CRITICAL ACCOUNT,ELECTRONICS,1795,up to 100 K USD,above 7 YRS,CT,4,48,2,0
803,0 USD,20,CRITICAL ACCOUNT,FURNITURE,4272,up to 100 K USD,above 7 YRS,PA,4,24,2,0
804,NONE,12,CRITICAL ACCOUNT,ELECTRONICS,976,UNKNOWN/NONE,above 7 YRS,NY,4,35,2,0
805,0 to 200 USD,12,EXISTING CREDITS PAID BACK,NEW CAR,7472,UNKNOWN/NONE,TBD,PA,2 to 3 YRS,24,1,0
806,0 USD,36,EXISTING CREDITS PAID BACK,NEW CAR,9271,up to 100 K USD,4 to 7 YRS,NJ,1 to 2 YRS,24,1,1
807,0 to 200 USD,6,EXISTING CREDITS PAID BACK,ELECTRONICS,590,up to 100 K USD,up to 1 YR,CT,above 4 YRS,26,1,0
808,NONE,12,CRITICAL ACCOUNT,ELECTRONICS,930,UNKNOWN/NONE,above 7 YRS,NY,4,65,4,0
809,0 to 200 USD,42,ALL CREDITS PAID BACK,USED CAR,9283,up to 100 K USD,TBD,PA,2 to 3 YRS,55,1,0
810,0 to 200 USD,15,NONE TAKEN,NEW CAR,1778,up to 100 K USD,up to 1 YR,NJ,1 to 2 YRS,26,2,1
811,0 to 200 USD,8,EXISTING CREDITS PAID BACK,RETRAINING,907,up to 100 K USD,up to 1 YR,CT,2 to 3 YRS,26,1,0
812,0 to 200 USD,6,EXISTING CREDITS PAID BACK,ELECTRONICS,484,up to 100 K USD,4 to 7 YRS,CT,above 4 YRS,28,1,0
813,0 USD,36,CRITICAL ACCOUNT,USED CAR,9629,up to 100 K USD,4 to 7 YRS,NY,4,24,2,1
814,0 USD,48,EXISTING CREDITS PAID BACK,OTHER,3051,up to 100 K USD,1 to 4 YRS,CT,4,54,1,1
815,0 USD,48,EXISTING CREDITS PAID BACK,NEW CAR,3931,up to 100 K USD,4 to 7 YRS,NY,4,46,1,1
816,0 to 200 USD,36,DELAY IN PAST,NEW CAR,7432,up to 100 K USD,1 to 4 YRS,NJ,2 to 3 YRS,54,1,0
817,NONE,6,EXISTING CREDITS PAID BACK,OTHER,1338,500 to 1000 K USD,1 to 4 YRS,PA,4,62,1,0
818,NONE,6,CRITICAL ACCOUNT,ELECTRONICS,1554,up to 100 K USD,4 to 7 YRS,PA,2 to 3 YRS,24,2,0
819,0 USD,36,EXISTING CREDITS PAID BACK,OTHER,15857,up to 100 K USD,TBD,NJ,above 4 YRS,43,1,0
820,0 USD,18,EXISTING CREDITS PAID BACK,ELECTRONICS,1345,up to 100 K USD,1 to 4 YRS,NY,above 4 YRS,26,1,1
821,NONE,12,EXISTING CREDITS PAID BACK,NEW CAR,1101,up to 100 K USD,1 to 4 YRS,CT,2 to 3 YRS,27,2,0
822,above 200 USD,12,EXISTING CREDITS PAID BACK,ELECTRONICS,3016,up to 100 K USD,1 to 4 YRS,CT,1 to 2 YRS,24,1,0
823,0 USD,36,EXISTING CREDITS PAID BACK,FURNITURE,2712,up to 100 K USD,above 7 YRS,NJ,2 to 3 YRS,41,1,1
824,0 USD,8,CRITICAL ACCOUNT,NEW CAR,731,up to 100 K USD,above 7 YRS,NY,4,47,2,0
825,NONE,18,CRITICAL ACCOUNT,FURNITURE,3780,up to 100 K USD,up to 1 YR,CT,2 to 3 YRS,35,2,0
826,0 USD,21,CRITICAL ACCOUNT,NEW CAR,1602,up to 100 K USD,above 7 YRS,NY,above 4 YRS,30,2,0
827,0 USD,18,CRITICAL ACCOUNT,NEW CAR,3966,up to 100 K USD,above 7 YRS,PA,4,33,3,1
828,NONE,18,NONE TAKEN,RETRAINING,4165,up to 100 K USD,1 to 4 YRS,NJ,2 to 3 YRS,36,2,1
829,0 USD,36,EXISTING CREDITS PAID BACK,USED CAR,8335,UNKNOWN/NONE,above 7 YRS,CT,4,47,1,1
830,0 to 200 USD,48,DELAY IN PAST,RETRAINING,6681,UNKNOWN/NONE,1 to 4 YRS,NY,4,38,1,0
831,NONE,24,DELAY IN PAST,RETRAINING,2375,500 to 1000 K USD,1 to 4 YRS,NY,2 to 3 YRS,44,2,0
832,0 USD,18,EXISTING CREDITS PAID BACK,NEW CAR,1216,up to 100 K USD,up to 1 YR,NY,above 4 YRS,23,1,1
833,0 USD,45,NONE TAKEN,RETRAINING,11816,up to 100 K USD,above 7 YRS,NJ,4,29,2,1
834,0 to 200 USD,24,EXISTING CREDITS PAID BACK,ELECTRONICS,5084,UNKNOWN/NONE,above 7 YRS,NJ,4,42,1,0
835,above 200 USD,15,EXISTING CREDITS PAID BACK,ELECTRONICS,2327,up to 100 K USD,up to 1 YR,NJ,above 4 YRS,25,1,1
836,0 USD,12,NONE TAKEN,NEW CAR,1082,up to 100 K USD,1 to 4 YRS,NY,4,48,2,1
837,NONE,12,EXISTING CREDITS PAID BACK,ELECTRONICS,886,UNKNOWN/NONE,1 to 4 YRS,NY,2 to 3 YRS,21,1,0
838,NONE,4,EXISTING CREDITS PAID BACK,FURNITURE,601,up to 100 K USD,up to 1 YR,PA,above 4 YRS,23,1,0
839,0 USD,24,CRITICAL ACCOUNT,USED CAR,2957,up to 100 K USD,above 7 YRS,NY,4,63,2,0
840,NONE,24,CRITICAL ACCOUNT,ELECTRONICS,2611,up to 100 K USD,above 7 YRS,NY,above 4 YRS,46,2,0
841,0 USD,36,EXISTING CREDITS PAID BACK,FURNITURE,5179,up to 100 K USD,4 to 7 YRS,NY,2 to 3 YRS,29,1,1
842,NONE,21,DELAY IN PAST,USED CAR,2993,up to 100 K USD,1 to 4 YRS,CT,2 to 3 YRS,28,2,0
843,NONE,18,EXISTING CREDITS PAID BACK,OTHER,1943,up to 100 K USD,up to 1 YR,NY,4,23,1,1
844,NONE,24,ALL CREDITS PAID BACK,RETRAINING,1559,up to 100 K USD,4 to 7 YRS,NY,4,50,1,0
845,NONE,18,EXISTING CREDITS PAID BACK,FURNITURE,3422,up to 100 K USD,above 7 YRS,NY,4,47,3,0
846,0 to 200 USD,21,EXISTING CREDITS PAID BACK,FURNITURE,3976,UNKNOWN/NONE,4 to 7 YRS,NJ,above 4 YRS,35,1,0
847,NONE,18,EXISTING CREDITS PAID BACK,NEW CAR,6761,UNKNOWN/NONE,1 to 4 YRS,NJ,4,68,2,1
848,NONE,24,EXISTING CREDITS PAID BACK,NEW CAR,1249,up to 100 K USD,up to 1 YR,NY,2 to 3 YRS,28,1,0
849,0 USD,9,EXISTING CREDITS PAID BACK,ELECTRONICS,1364,up to 100 K USD,4 to 7 YRS,CT,4,59,1,0
850,0 USD,12,EXISTING CREDITS PAID BACK,ELECTRONICS,709,up to 100 K USD,above 7 YRS,NY,4,57,1,1
851,0 USD,20,CRITICAL ACCOUNT,NEW CAR,2235,up to 100 K USD,1 to 4 YRS,NY,2 to 3 YRS,33,2,1
852,NONE,24,CRITICAL ACCOUNT,USED CAR,4042,UNKNOWN/NONE,4 to 7 YRS,CT,4,43,2,0
853,NONE,15,CRITICAL ACCOUNT,ELECTRONICS,1471,up to 100 K USD,1 to 4 YRS,NY,4,35,2,0
854,0 USD,18,ALL CREDITS PAID BACK,NEW CAR,1442,up to 100 K USD,4 to 7 YRS,NY,4,32,2,1
855,NONE,36,DELAY IN PAST,NEW CAR,10875,up to 100 K USD,above 7 YRS,NJ,2 to 3 YRS,45,2,0
856,NONE,24,EXISTING CREDITS PAID BACK,NEW CAR,1474,100 to 500 K USD,up to 1 YR,NY,above 4 YRS,33,1,0
857,NONE,10,EXISTING CREDITS PAID BACK,OTHER,894,UNKNOWN/NONE,4 to 7 YRS,NY,above 4 YRS,40,1,0
858,NONE,15,CRITICAL ACCOUNT,FURNITURE,3343,up to 100 K USD,1 to 4 YRS,NY,2 to 3 YRS,28,1,0
859,0 USD,15,EXISTING CREDITS PAID BACK,NEW CAR,3959,up to 100 K USD,1 to 4 YRS,CT,2 to 3 YRS,29,1,1
860,NONE,9,EXISTING CREDITS PAID BACK,NEW CAR,3577,100 to 500 K USD,1 to 4 YRS,PA,2 to 3 YRS,26,1,0
861,NONE,24,CRITICAL ACCOUNT,USED CAR,5804,above 1000 K USD,1 to 4 YRS,NY,2 to 3 YRS,27,2,0
862,NONE,18,DELAY IN PAST,RETRAINING,2169,up to 100 K USD,1 to 4 YRS,NY,2 to 3 YRS,28,1,1
863,0 USD,24,EXISTING CREDITS PAID BACK,ELECTRONICS,2439,up to 100 K USD,up to 1 YR,NY,4,35,1,1
864,NONE,27,CRITICAL ACCOUNT,FURNITURE,4526,above 1000 K USD,up to 1 YR,NY,2 to 3 YRS,32,2,0
865,NONE,10,EXISTING CREDITS PAID BACK,FURNITURE,2210,up to 100 K USD,1 to 4 YRS,NJ,2 to 3 YRS,25,1,1
866,NONE,15,EXISTING CREDITS PAID BACK,FURNITURE,2221,500 to 1000 K USD,1 to 4 YRS,NJ,4,20,1,0
867,0 USD,18,EXISTING CREDITS PAID BACK,ELECTRONICS,2389,up to 100 K USD,up to 1 YR,NY,1 to 2 YRS,27,1,0
868,NONE,12,CRITICAL ACCOUNT,FURNITURE,3331,up to 100 K USD,above 7 YRS,NJ,4,42,1,0
869,NONE,36,EXISTING CREDITS PAID BACK,RETRAINING,7409,UNKNOWN/NONE,above 7 YRS,CT,2 to 3 YRS,37,2,0
870,0 USD,12,EXISTING CREDITS PAID BACK,FURNITURE,652,up to 100 K USD,above 7 YRS,NY,4,24,1,0
871,NONE,36,DELAY IN PAST,FURNITURE,7678,500 to 1000 K USD,4 to 7 YRS,NJ,4,40,2,0
872,above 200 USD,6,CRITICAL ACCOUNT,NEW CAR,1343,up to 100 K USD,above 7 YRS,PA,4,46,2,0
873,0 USD,24,CRITICAL ACCOUNT,RETRAINING,1382,100 to 500 K USD,4 to 7 YRS,NY,1 to 2 YRS,26,2,0
874,NONE,15,EXISTING CREDITS PAID BACK,OTHER,874,UNKNOWN/NONE,up to 1 YR,NY,1 to 2 YRS,24,1,0
875,0 USD,12,EXISTING CREDITS PAID BACK,FURNITURE,3590,up to 100 K USD,1 to 4 YRS,NJ,2 to 3 YRS,29,1,0
876,0 to 200 USD,11,CRITICAL ACCOUNT,NEW CAR,1322,above 1000 K USD,1 to 4 YRS,NY,4,40,2,0
877,0 USD,18,ALL CREDITS PAID BACK,ELECTRONICS,1940,up to 100 K USD,up to 1 YR,CT,4,36,1,0
878,NONE,36,EXISTING CREDITS PAID BACK,ELECTRONICS,3595,up to 100 K USD,above 7 YRS,NY,2 to 3 YRS,28,1,0
879,0 USD,9,EXISTING CREDITS PAID BACK,NEW CAR,1422,up to 100 K USD,up to 1 YR,CT,2 to 3 YRS,27,1,1
880,NONE,30,CRITICAL ACCOUNT,ELECTRONICS,6742,UNKNOWN/NONE,4 to 7 YRS,NJ,above 4 YRS,36,2,0
881,NONE,24,EXISTING CREDITS PAID BACK,USED CAR,7814,up to 100 K USD,4 to 7 YRS,CT,above 4 YRS,38,1,0
882,NONE,24,EXISTING CREDITS PAID BACK,USED CAR,9277,UNKNOWN/NONE,1 to 4 YRS,NJ,4,48,1,0
883,0 to 200 USD,30,CRITICAL ACCOUNT,NEW CAR,2181,UNKNOWN/NONE,above 7 YRS,NY,4,36,2,0
884,NONE,18,CRITICAL ACCOUNT,ELECTRONICS,1098,up to 100 K USD,TBD,NY,4,65,2,0
885,0 to 200 USD,24,EXISTING CREDITS PAID BACK,FURNITURE,4057,up to 100 K USD,4 to 7 YRS,CT,above 4 YRS,43,1,1
886,0 USD,12,EXISTING CREDITS PAID BACK,EDUCATION,795,up to 100 K USD,up to 1 YR,NY,4,53,1,1
887,0 to 200 USD,24,CRITICAL ACCOUNT,RETRAINING,2825,UNKNOWN/NONE,4 to 7 YRS,NY,above 4 YRS,34,2,0
888,0 to 200 USD,48,EXISTING CREDITS PAID BACK,RETRAINING,15672,up to 100 K USD,1 to 4 YRS,NJ,2 to 3 YRS,23,1,1
889,NONE,36,CRITICAL ACCOUNT,NEW CAR,6614,up to 100 K USD,above 7 YRS,NY,4,34,2,0
890,NONE,28,ALL CREDITS PAID BACK,USED CAR,7824,UNKNOWN/NONE,up to 1 YR,CT,4,40,2,0
891,0 USD,27,CRITICAL ACCOUNT,RETRAINING,2442,up to 100 K USD,above 7 YRS,NY,4,43,4,0
892,NONE,15,CRITICAL ACCOUNT,ELECTRONICS,1829,up to 100 K USD,above 7 YRS,NY,4,46,2,0
